node_index,x_m,y_m,z_m,zone_id,response_external_C_per_1SD,response_meeting_C_per_1SD,response_server_C_per_1SD,response_working_C_per_1SD
0,0.25,0.25,0.5,4,0.3790857088776783,1.096177674153825,1.9832471253095347,1.2276857512834247
1,0.25,0.75,0.5,4,0.40546647310204625,1.1211039552084843,2.0229962220333353,1.265596663927599
2,0.25,1.25,0.5,4,0.428191270776391,1.1180395962774186,2.0574546055068645,1.2583333231886344
3,0.25,1.75,0.5,4,0.4408592268390493,1.1323271953319838,2.0881114987884755,1.2548057719030274
4,0.25,2.25,0.5,4,0.4357214589829689,1.1408713255120948,2.109907080495919,1.2910328712391497
5,0.25,2.75,0.5,4,0.4549671971436081,1.1297975789115795,2.1346965620503036,1.321438254169207
6,0.25,3.25,0.5,4,0.4607807389501975,1.1143386698463884,2.1128142164883625,1.3568670518269517
7,0.25,3.75,0.5,4,0.45923402227152943,1.122901799553188,2.1243731663789887,1.419547894480123
8,0.25,4.25,0.5,3,0.4865394492130218,1.1435456209086878,2.1156171861720985,1.455975162564539
9,0.25,4.75,0.5,3,0.4899187602875095,1.156951665439788,2.1034790734721778,1.4777989754413892
10,0.25,5.25,0.5,3,0.4941609748678569,1.1790863571860761,2.0782465649851405,1.4815427123064153
11,0.25,5.75,0.5,3,0.4954055624677555,1.2009482721175055,2.06184894495679,1.4768217646450152
12,0.25,6.25,0.5,3,0.4809040657980491,1.1940409169819561,2.031184273937713,1.4580781034435557
13,0.25,6.75,0.5,3,0.46928095170665246,1.1862489468529573,2.001914893521524,1.4576858504850763
14,0.25,7.25,0.5,3,0.45889920089465397,1.185585679455735,1.984385908786358,1.4691882994542882
15,0.25,7.75,0.5,3,0.44830890108517013,1.1857950148906096,1.981823952879729,1.4689550063568368
16,0.25,8.25,0.5,3,0.43844801430999913,1.1790088607327365,1.9772567899148008,1.4607427781438307
17,0.25,8.75,0.5,3,0.43157275350767804,1.1358971979861106,1.9623384990187118,1.4269716823713654
18,0.75,0.25,0.5,4,0.396072522147628,1.1302015314243732,2.019528350318527,1.252276108934449
19,0.75,0.75,0.5,4,0.4471292818997958,1.1464394072330968,2.00586199436025,1.2731883412842888
20,0.75,1.75,0.5,4,0.47733078757302344,1.1483672281288042,2.106393465972041,1.284668800699014
21,0.75,2.25,0.5,4,0.46127857476819123,1.1599866248457427,2.1109518305651163,1.3175507313912718
22,0.75,2.75,0.5,4,0.45303282067241823,1.152750227997723,2.1273892162605565,1.3494189567274533
23,0.75,3.25,0.5,4,0.44868831526603375,1.110028467431268,2.1259867468097067,1.4112959445135829
24,0.75,3.75,0.5,3,0.43954394452145135,1.0933593516497047,2.0759825998024146,1.4951987178059039
25,0.75,4.25,0.5,3,0.46197039975674065,1.119275944687957,2.0792728215057625,1.539457335074988
26,0.75,4.75,0.5,3,0.4821644808927033,1.1320725543750139,2.073666401013071,1.553175730350175
27,0.75,5.25,0.5,3,0.4973854657655296,1.1445556832891635,2.0600815755661603,1.568702581857714
28,0.75,5.75,0.5,3,0.504895856173985,1.1657920656721306,2.063878970839208,1.5957005143821248
29,0.75,6.25,0.5,3,0.5078382916653162,1.1741132652609612,2.066194039552066,1.6188245162960089
30,0.75,6.75,0.5,3,0.5086857221876866,1.1731452349945515,2.064419289926037,1.6631712819618247
31,0.75,7.25,0.5,3,0.5021061922759985,1.1558235845998404,2.0560939429284577,1.764007242363016
32,0.75,7.75,0.5,3,0.4756759948225892,1.1517651849743615,2.0470267259478176,1.855864065459883
33,0.75,8.25,0.5,3,0.4361007416203647,1.2052368101407005,1.9982314099202614,1.51644870989533
34,0.75,8.75,0.5,3,0.42538245798211044,1.1837076684728594,1.9670966670148786,1.4880722485644338
35,1.25,0.25,0.5,4,0.4153552293787054,1.1351605817318384,2.026758327881146,1.2399890318384958
36,1.25,1.75,0.5,4,0.4942418324116966,1.137946305628229,2.100624855713029,1.3055124407938814
37,1.25,2.25,0.5,4,0.47450696937766257,1.1332675170852171,2.102560314171721,1.3416444923144475
38,1.25,2.75,0.5,4,0.4643215529162754,1.132392157159783,2.1034349057600807,1.3871934941388748
39,1.25,3.25,0.5,4,0.4438314115802935,1.088202065341849,2.1126770384114404,1.4428731559171022
40,1.25,3.75,0.5,3,0.44150131834665735,1.0475367893771714,2.1561403048962284,1.557470281896216
41,1.25,8.25,0.5,3,0.38216567664402473,1.2682763216491835,1.9709542443260168,1.6474676384889153
42,1.25,8.75,0.5,1,0.40757842864009064,1.1896441854007178,1.9688320543275175,1.492608383467782
43,1.75,0.25,0.5,4,0.4527669261346263,1.1338099223956832,2.0307990266718985,1.2430622114193899
44,1.75,0.75,0.5,4,0.4878676372341618,1.1383359619157403,2.0368814119635217,1.2858096791934845
45,1.75,1.25,0.5,4,0.4830760256634216,1.1336311792840466,2.057250576800629,1.2869115873397667
46,1.75,1.75,0.5,4,0.48223442573718256,1.141537354247118,2.0912061375584994,1.2903216156780308
47,1.75,2.25,0.5,4,0.4792790690716597,1.1223410331823942,2.1071358167243743,1.3287774184510261
48,1.75,2.75,0.5,4,0.46764945805067853,1.1103473603135492,2.110527068434659,1.3569719495124124
49,1.75,3.25,0.5,4,0.45864466037307816,1.1077813116835549,2.1229374905022684,1.3920679120331056
50,1.75,3.75,0.5,4,0.42918223714971887,1.1133428507339376,2.107023411673647,1.4412424100830181
51,1.75,8.25,0.5,3,0.38757516774301876,1.2397921184916452,1.989646341010506,1.5894979630666333
52,1.75,8.75,0.5,1,0.39295869861182525,1.1958377944441043,1.9743039462886738,1.4808022473650775
53,2.25,0.25,0.5,4,0.503548471048058,1.154441557352991,2.052099678729068,1.2197983434413333
54,2.25,0.75,0.5,4,0.4940148301284234,1.1525648138908162,2.0460255664362097,1.2604983214667158
55,2.25,1.25,0.5,4,0.49192871897426604,1.1606194517191224,2.05244680556385,1.2678062609196246
56,2.25,1.75,0.5,4,0.4958456444883269,1.163345655073545,2.0814415376687605,1.2766954243241961
57,2.25,2.25,0.5,4,0.4798854707305833,1.1364135089248004,2.1010893998246525,1.3058289314752243
58,2.25,2.75,0.5,4,0.4612838919794953,1.134350190841252,2.106618509988513,1.3352801915256245
59,2.25,3.25,0.5,4,0.45302562421949066,1.1382130873370693,2.125837584798877,1.3767015277119135
60,2.25,3.75,0.5,4,0.4453121777192134,1.1183795009687991,2.1077498142750253,1.4071624267098766
61,2.25,8.25,0.5,3,0.39216319107381636,1.2318446840174644,1.9998658450137787,1.5641235410930918
62,2.25,8.75,0.5,1,0.39182638278032844,1.1880613462240495,1.9729121879315192,1.4492413586314707
63,2.75,0.25,0.5,4,0.5108892331048495,1.1824520926515014,2.071062725804724,1.2111587662341956
64,2.75,0.75,0.5,4,0.5070206873479689,1.1868014462303906,2.072572362231583,1.2380142321026046
65,2.75,1.25,0.5,4,0.5001923084997214,1.1707057447893447,2.0552943561968036,1.2441285782865377
66,2.75,1.75,0.5,4,0.4898647825310518,1.1676103206294062,2.066022158919739,1.2637860133175642
67,2.75,2.25,0.5,4,0.4706740944214782,1.1607275159383292,2.0836807477400248,1.287709625910521
68,2.75,2.75,0.5,4,0.44798590936097277,1.1521286308505472,2.0803375096494907,1.3162586603604474
69,2.75,3.25,0.5,4,0.4383814467685089,1.1432999205987386,2.0905353684995487,1.368582091313238
70,2.75,3.75,0.5,4,0.4440014775703002,1.1614182178574786,2.127240936998271,1.4002132200074873
71,2.75,8.25,0.5,3,0.39758252680708284,1.2425615086151607,2.010121198670605,1.5630551974146158
72,2.75,8.75,0.5,1,0.392050712979874,1.1913618416031073,1.971281689039065,1.4321602081831564
73,3.25,0.25,0.5,4,0.5222503869315961,1.1920984670693278,2.0905308587573876,1.2181279723540326
74,3.25,0.75,0.5,4,0.5144561571520315,1.2037882261156254,2.088297593931466,1.242678365804005
75,3.25,1.25,0.5,4,0.5011540642104582,1.1811476307598379,2.067188018165821,1.2395208648647797
76,3.25,1.75,0.5,4,0.49203675483930776,1.1747137768270075,2.0624014056114652,1.2569871060584914
77,3.25,2.25,0.5,4,0.4824486370114245,1.1736957065108566,2.0590515916752166,1.2709138373718865
78,3.25,2.75,0.5,4,0.4598351547540617,1.1778244439046437,2.0725398092009706,1.274876872864413
79,3.25,3.25,0.5,4,0.4420672657672372,1.1603360717425442,2.0761712531181176,1.3441919581078816
80,3.25,3.75,0.5,4,0.44379691262180715,1.1573168843653985,2.119743755997612,1.4569644634808525
81,3.25,8.25,0.5,3,0.40882412895384035,1.2825379489821562,2.0231454642172433,1.559538205510736
82,3.25,8.75,0.5,1,0.39003452279066236,1.2003777485560991,1.9744626311053326,1.4208784063045763
83,3.75,0.25,0.5,4,0.5114812401492113,1.172138350944681,2.1390630091617577,1.2371781338004626
84,3.75,0.75,0.5,4,0.49750586680489495,1.179321111545459,2.127451973165473,1.2519049425010371
85,3.75,1.25,0.5,4,0.49052141879318156,1.1701977484992983,2.106981253496179,1.2493146980855425
86,3.75,1.75,0.5,4,0.49640671007389425,1.1819310266185572,2.1021023151234317,1.2421795340238415
87,3.75,2.25,0.5,4,0.4906310664544569,1.182006840006266,2.055865659463486,1.2344345922171713
88,3.75,2.75,0.5,4,0.4728848719857051,1.2278442837039873,2.057892883090906,1.2466178095920635
89,3.75,3.25,0.5,4,0.4667232741941898,1.2309903655842676,2.0824369856633247,1.2522376047656223
90,3.75,3.75,0.5,4,0.4298508772549578,1.209780148476108,2.0625920715421855,1.2570583179822283
91,3.75,4.25,0.5,1,0.43991782393221573,1.237942104243828,2.1676419936375524,1.385562089273688
92,3.75,4.75,0.5,1,0.4301020623910683,1.2691878696003351,2.166588058422829,1.4105168812942495
93,3.75,5.25,0.5,1,0.4276820865386703,1.2872113378573904,2.11501553771383,1.4186312019269303
94,3.75,5.75,0.5,1,0.4076005398284825,1.2860503930899319,2.0879675528919144,1.410144382196448
95,3.75,6.25,0.5,1,0.37266057118365015,1.2710987466659893,2.076979140441986,1.3995272830961074
96,3.75,6.75,0.5,1,0.35304952183385957,1.2518900526223549,2.05565697017171,1.400825771692768
97,3.75,7.25,0.5,1,0.35619784991458286,1.2521072107445625,2.046003744344414,1.3933656233537461
98,3.75,7.75,0.5,1,0.3864292944973823,1.2475015424013958,2.0463055060819038,1.4011213735453438
99,3.75,8.25,0.5,1,0.39890111489432795,1.2786948849187088,2.0248631495502227,1.3990211703938535
100,3.75,8.75,0.5,1,0.39696313944127426,1.2263977268598587,1.9855380479861902,1.389810235731501
101,4.25,0.25,0.5,4,0.527705726131827,1.1738005530638087,2.185913440903516,1.2131566948281045
102,4.25,0.75,0.5,4,0.4926462734304542,1.175432378892795,2.1650448477373843,1.2296001882433478
103,4.25,1.25,0.5,4,0.4792331034955799,1.180809874061646,2.142703565545926,1.2431113492920955
104,4.25,1.75,0.5,4,0.49179275833215,1.194796563096548,2.1367868298598305,1.2365591490522863
105,4.25,2.25,0.5,4,0.4949314607840585,1.1757046584868007,2.0756560417000935,1.1866910187822886
106,4.25,2.75,0.5,4,0.47743581884934777,1.224756673141501,2.0581011547714168,1.2160235521742808
107,4.25,3.25,0.5,4,0.48344759839801915,1.2506034424894585,2.0693925929227555,1.22963905187587
108,4.25,3.75,0.5,4,0.44198528131755827,1.2545035592564078,2.0544849811178496,1.2145603313880569
109,4.25,4.25,0.5,4,0.38243674337659045,1.2206391719725758,2.0143616983463017,1.1790758097758576
110,4.25,4.75,0.5,4,0.41310509938439033,1.2208547032411985,2.1082221614220127,1.242862879343449
111,4.25,5.25,0.5,4,0.4573348074077333,1.2941523087577835,2.1334205436193843,1.2947520941133546
112,4.25,5.75,0.5,4,0.43436489450347193,1.3141473950605238,2.111451343553654,1.319010297823842
113,4.25,6.25,0.5,1,0.39661298480413915,1.309451865868907,2.084053388809013,1.3238533967540684
114,4.25,6.75,0.5,1,0.3814015579249682,1.310059639368667,2.057026934576492,1.3327360590662973
115,4.25,7.25,0.5,1,0.3824905923496209,1.3118548635529625,2.034547521542123,1.333493983239423
116,4.25,7.75,0.5,1,0.39578394117881727,1.3049721039096063,2.0318453121182283,1.3272707028629376
117,4.25,8.25,0.5,1,0.40713772784034363,1.3095951458770048,2.0171114941053423,1.3205597839143304
118,4.25,8.75,0.5,1,0.39589615891043695,1.2687488817964412,1.9819736373642711,1.3350614840099664
119,4.75,0.25,0.5,4,0.5401315617854926,1.1645293253575033,2.2031054361587183,1.210634068608361
120,4.75,0.75,0.5,4,0.48023232118805725,1.1715517164363238,2.179343018283257,1.218594827846175
121,4.75,1.25,0.5,4,0.4738296100601522,1.190127341284344,2.169927828305499,1.2266777736312298
122,4.75,1.75,0.5,4,0.47634931754370896,1.201348075169643,2.1567714468546257,1.2278850921918312
123,4.75,2.25,0.5,4,0.48130424304830344,1.145726191066712,2.0985619408507934,1.1800406474063971
124,4.75,2.75,0.5,4,0.46871614171989545,1.205346761014009,2.064180166174753,1.2108667720511042
125,4.75,3.25,0.5,4,0.48451744457515156,1.2425688882092722,2.065457033532736,1.2248068073526994
126,4.75,3.75,0.5,4,0.4755267001501246,1.2449853472598005,2.050814102567645,1.2218290183319735
127,4.75,4.25,0.5,4,0.4128057192425116,1.264228311163713,2.0110716363007586,1.210491397345575
128,4.75,4.75,0.5,4,0.39211179697099763,1.205682720384726,1.9750028287623447,1.1780846977216488
129,4.75,5.25,0.5,4,0.4369607350955043,1.2250124522087755,2.053436822724727,1.2279006118890947
130,4.75,5.75,0.5,4,0.42360551189297807,1.2831706410427666,2.074210920292979,1.2547018607108609
131,4.75,6.25,0.5,1,0.39457634362081384,1.321661403967028,2.042049484019432,1.304178238724075
132,4.75,6.75,0.5,1,0.3809019609213065,1.3471645415062743,2.0121685864079804,1.3310177955023526
133,4.75,7.25,0.5,1,0.3770501186749511,1.354466190849551,1.9979438007493264,1.3294758080047837
134,4.75,7.75,0.5,1,0.3852642344831232,1.3500541005111018,2.0037289879912485,1.3172680543858162
135,4.75,8.25,0.5,1,0.3913035197575286,1.3382097843914948,1.9987225066146892,1.2967613803141718
136,4.75,8.75,0.5,1,0.3902404917346225,1.29034247706119,1.969731236394798,1.2915793291073747
137,5.25,0.25,0.5,4,0.5372140131143696,1.1639916151766074,2.196051771301158,1.2078634901883663
138,5.25,0.75,0.5,4,0.4775525372912254,1.1667031623112187,2.1860006237259624,1.2077300884780975
139,5.25,1.25,0.5,4,0.47375866863561233,1.1866077845670344,2.1935198416499695,1.2211785477518406
140,5.25,1.75,0.5,4,0.46122932334995026,1.2008472722331278,2.1835242928232677,1.2183895920365022
141,5.25,2.25,0.5,4,0.45757711122957223,1.144983553099929,2.1414408173769623,1.180953087668118
142,5.25,2.75,0.5,4,0.4533439407938147,1.1869516942776555,2.092320631319728,1.230950078390017
143,5.25,3.25,0.5,4,0.4674461659079911,1.232998634505564,2.0752875575951077,1.2420297040321047
144,5.25,3.75,0.5,4,0.462485591273967,1.216997095351769,2.0710722438255442,1.2358656897051319
145,5.25,4.25,0.5,4,0.4462936723670353,1.2447801666874767,2.082010601111499,1.266142127648749
146,5.25,4.75,0.5,4,0.41870155196137315,1.2207367142627101,2.0127798257953877,1.224693807600881
147,5.25,5.25,0.5,4,0.40768180774996315,1.1706866234239668,1.9934630977025634,1.1970273724349738
148,5.25,5.75,0.5,1,0.3973884579226304,1.2597192417418,1.9367914017866272,1.2426760899236633
149,5.25,6.25,0.5,1,0.3834033621476635,1.338370411923291,1.9211625897699474,1.2960356564547622
150,5.25,6.75,0.5,1,0.3579606559784775,1.3741709491309295,1.9322443833265495,1.3185591090384317
151,5.25,7.25,0.5,1,0.3556437844113886,1.388663187489829,1.9477255282974,1.314699616515115
152,5.25,7.75,0.5,1,0.372343737514701,1.3867022153913466,1.971761154971952,1.3017790053331595
153,5.25,8.25,0.5,1,0.380532061379367,1.364788928426403,1.9813469256194105,1.27440169761069
154,5.25,8.75,0.5,1,0.3880038022952719,1.3039930578586942,1.950191516913659,1.267541439461963
155,5.75,0.25,0.5,4,0.5233247606584976,1.171425670097989,2.174554729052523,1.1974574843993966
156,5.75,0.75,0.5,4,0.47741978045214967,1.1674175483134617,2.179732768299764,1.1933405010050815
157,5.75,1.25,0.5,4,0.4782926893110203,1.1837971869472184,2.192132038108718,1.2101294077417994
158,5.75,1.75,0.5,4,0.45726821757826336,1.1979172215519516,2.1915721062823854,1.2095408941710482
159,5.75,2.25,0.5,4,0.44741796397158845,1.1624421671697915,2.168340067410997,1.1671485892457623
160,5.75,2.75,0.5,4,0.44582170172024554,1.181675260916977,2.120474133852561,1.2236830643428014
161,5.75,3.25,0.5,4,0.4614005922182973,1.2224203651298795,2.093836319876791,1.2461256373086693
162,5.75,3.75,0.5,4,0.45805319156952046,1.2057126142536483,2.087502169310749,1.2238444021553552
163,5.75,4.25,0.5,4,0.45083424567859604,1.209922625109292,2.0996367461400514,1.238352088240337
164,5.75,4.75,0.5,4,0.45349093228634396,1.2268076692970242,2.085063211203796,1.234369232652493
165,5.75,5.25,0.5,4,0.44167104631947907,1.1697334750539305,2.0206142344615095,1.1849485992331246
166,5.75,5.75,0.5,1,0.3724827071043018,1.495029012255295,1.9134300663457164,1.2716458183925754
167,5.75,6.25,0.5,1,0.39626523443461914,1.4021345573109079,1.8850046430768155,1.27035591076127
168,5.75,6.75,0.5,1,0.3710253341874407,1.396978608617534,1.9049917999691977,1.2942625349884764
169,5.75,7.25,0.5,1,0.35855045471594027,1.4114370382441161,1.9175478228953045,1.2919813989949527
170,5.75,7.75,0.5,1,0.37207048749002347,1.4091533391404525,1.9454887773707321,1.2835205501059719
171,5.75,8.25,0.5,1,0.38106776175395746,1.3840835476541324,1.9621452595110758,1.255132141250908
172,5.75,8.75,0.5,1,0.3844635038875468,1.3174897225020021,1.9293707258811577,1.243218392984017
173,6.25,0.25,0.5,4,0.5164171020415518,1.1708684338390067,2.1431951788140657,1.1857913515549838
174,6.25,0.75,0.5,4,0.4712191011383568,1.1665090099776234,2.1619588119959667,1.179385183904534
175,6.25,1.25,0.5,4,0.4750926410724776,1.1841936608547994,2.1834074038200164,1.1941937114490708
176,6.25,1.75,0.5,4,0.4618136144913355,1.1952318322924729,2.1866222504433943,1.1978184061250525
177,6.25,2.25,0.5,4,0.45619186448354254,1.1774582902971524,2.1769232469395963,1.1565972051158095
178,6.25,2.75,0.5,4,0.4530563708832269,1.1836375236811678,2.1382112386363605,1.1857261228649283
179,6.25,3.25,0.5,4,0.45625762417946436,1.2119273168659526,2.0988920886705396,1.2248446213967117
180,6.25,3.75,0.5,4,0.4503782230947522,1.2012038045592914,2.0788177379446133,1.1946711723881358
181,6.25,4.25,0.5,4,0.4521670385129258,1.199793236018769,2.0792414020258576,1.1982494254384557
182,6.25,4.75,0.5,4,0.4575494308249357,1.2066702037643933,2.075332099716724,1.2006977626673685
183,6.25,5.25,0.5,4,0.45753311220435944,1.1516578232632098,2.0143342130937754,1.1670068855657036
184,6.25,5.75,0.5,1,0.3886424848858371,1.5344478875482033,1.9267246172456862,1.3077867935094665
185,6.25,6.25,0.5,1,0.4109915118380562,1.6007461066543465,1.9132579384557749,1.3178761157747514
186,6.25,6.75,0.5,1,0.46226673629672144,1.6459860492530571,2.0413224531400775,1.3476956578504629
187,6.25,7.25,0.5,1,0.4066369282852919,1.5433320044941727,1.9908327110404356,1.3289734259721555
188,6.25,7.75,0.5,1,0.39259444800486176,1.5054216869973176,1.9683776103407578,1.2987634447200895
189,6.25,8.25,0.5,1,0.3967686042584643,1.4324557512763456,1.9591442496895395,1.2536630594253078
190,6.25,8.75,0.5,1,0.38795325523307633,1.335815166935223,1.9155004192203278,1.23057300762984
191,6.75,0.25,0.5,4,0.5068948261885232,1.1718658565346465,2.126934048974742,1.162833146129398
192,6.75,0.75,0.5,4,0.46607621293189094,1.1587873135697968,2.1495805379612203,1.1730622973349896
193,6.75,1.25,0.5,4,0.47671101576067504,1.1696916778560837,2.1714447149492866,1.1826726015861129
194,6.75,1.75,0.5,4,0.47869991173211274,1.1871426817051849,2.167950098575317,1.1866028540811928
195,6.75,2.25,0.5,4,0.4905362853576532,1.1837183433199128,2.146615418099279,1.1460229094382344
196,6.75,2.75,0.5,4,0.48240166951215935,1.1791547080830342,2.1033016734669454,1.1430754191844386
197,6.75,3.25,0.5,4,0.46520794891193123,1.1698482407340023,2.0606464476440634,1.1611380191671679
198,6.75,3.75,0.5,4,0.45376405863508135,1.1408067108211482,2.0153427934347325,1.1426949607299834
199,6.75,4.25,0.5,4,0.46066436253754417,1.1345141483897196,1.9995441505549498,1.1490469975252675
200,6.75,4.75,0.5,4,0.45425632118996684,1.1283190486649717,1.9948848074417755,1.150257342839438
201,6.75,5.25,0.5,4,0.4593302063345454,1.104792726515994,1.991806531639148,1.135126636603406
202,6.75,5.75,0.5,1,0.37276562170676014,1.5432255284241727,1.8997416288803521,1.2999219341264376
203,6.75,6.25,0.5,1,0.41852036824869865,1.7312805318913629,1.9261374155264108,1.2929049177280318
204,6.75,8.25,0.5,1,0.46470632377615123,1.7840884742927685,1.9701383671607453,1.2460823216322945
205,6.75,8.75,0.5,1,0.3852973113963149,1.3680309439245788,1.9070244047333156,1.2289564401522157
206,7.25,0.25,0.5,4,0.5128240655587384,1.1703829092190878,2.1160383988318054,1.1458131294589007
207,7.25,0.75,0.5,4,0.4614861650981803,1.1458177281873698,2.1432209789203123,1.1612463035867044
208,7.25,1.25,0.5,4,0.4658639598293824,1.1490903363487996,2.1676688910139132,1.1595709256695403
209,7.25,1.75,0.5,4,0.44217190064308187,1.1502502744751328,2.1679066474169764,1.1712491406806211
210,7.25,2.25,0.5,4,0.4421910201192355,1.148395957618862,2.1673932230787147,1.1559787847342058
211,7.25,2.75,0.5,4,0.4524634740652033,1.1503785303722889,2.190745557477338,1.1296566101339127
212,7.25,3.25,0.5,4,0.46881575918876783,1.1282980426385962,2.3305059301538176,1.0699828801735969
213,7.25,3.75,0.5,4,0.49654467628490684,1.0781251588672367,2.7668354839230314,1.0441929224167403
214,7.25,4.25,0.5,4,0.47472792072699593,1.0759461349469468,2.863124258900685,1.1036431188025755
215,7.25,4.75,0.5,4,0.5440503073647333,1.0529243759866105,3.173080232213594,1.0922238271104334
216,7.25,5.25,0.5,4,0.5040145460081997,1.0828595615443064,2.6473824556189265,1.10524225913651
217,7.25,5.75,0.5,1,0.35565381280104286,1.5354798421830318,1.9040584775820397,1.2754480414222589
218,7.25,6.25,0.5,1,0.406252925336362,1.7512966470742946,1.9506478731515837,1.3207997592667582
219,7.25,8.25,0.5,1,0.49347824453053735,1.8076066782513842,1.9939179427654785,1.2509179750972568
220,7.25,8.75,0.5,1,0.37966909873948657,1.4114329416030298,1.9021536354318593,1.231031589423899
221,7.75,0.25,0.5,4,0.4980595139962799,1.1509626236901407,2.095706016837839,1.1355363116027661
222,7.75,0.75,0.5,4,0.4492258857711405,1.1387528716854334,2.1422281519498356,1.1387284901423376
223,7.75,1.25,0.5,4,0.42941763755238255,1.1166746504274814,2.1879099674718616,1.1405826414952738
224,7.75,1.75,0.5,4,0.41432902939747396,1.1294643936156012,2.215886736711601,1.1522894315289016
225,7.75,2.25,0.5,4,0.4240780480384121,1.1542895337789358,2.203810853664582,1.1393451505674723
226,7.75,2.75,0.5,4,0.45064908887900584,1.1645162112701477,2.217844715571455,1.1157948138113092
227,7.75,3.25,0.5,4,0.5248584358142198,1.1357847679691944,2.383549782838281,1.0787493389786693
228,7.75,5.25,0.5,4,0.5022798670748749,1.090626147739569,2.7263718420796317,1.1025523744953805
229,7.75,5.75,0.5,1,0.3739451044357473,1.5220154664759717,1.8634176741377946,1.2591207884538242
230,7.75,6.25,0.5,1,0.39808879300089123,1.82034164705263,1.9339648933800746,1.323442262825015
231,7.75,8.25,0.5,1,0.4740940498762682,1.7407708289372534,1.9891561311652786,1.2480526869746886
232,7.75,8.75,0.5,1,0.3812148861633525,1.4462773483087301,1.8951731906715679,1.2321328218194563
233,8.25,0.25,0.5,4,0.489148456459443,1.1549815307829487,2.101660153269999,1.121300916329935
234,8.25,0.75,0.5,4,0.4355925509252278,1.1377500571208614,2.1534082918584567,1.119191603051784
235,8.25,1.25,0.5,4,0.4150692351817473,1.1112904041827834,2.1992781828385786,1.1325608489219847
236,8.25,1.75,0.5,4,0.4137315536323295,1.12282136446056,2.2262746821764794,1.1436677172877583
237,8.25,2.25,0.5,4,0.41156690374791055,1.1485605478043204,2.211089904111271,1.1229235083705673
238,8.25,2.75,0.5,4,0.4339956825376388,1.1558899795915165,2.20347610916033,1.1086957476823736
239,8.25,3.25,0.5,4,0.47850163156782627,1.1246325754671749,2.3163687080615882,1.0678532884291423
240,8.25,5.25,0.5,4,0.48290600306843473,1.0942659732014772,2.6927119573254767,1.0837029196658277
241,8.25,5.75,0.5,1,0.38390648014237394,1.5233947196658244,1.8431737085745918,1.2376868635111025
242,8.25,6.25,0.5,1,0.4101207399459306,1.9625974231304113,1.8916507678781789,1.3081297145955582
243,8.25,8.25,0.5,1,0.45471999218741566,1.7084896544646162,1.9707037511893764,1.2481755786370845
244,8.25,8.75,0.5,1,0.38106478623589857,1.4778723847826012,1.8908047660566667,1.2390092982823349
245,8.75,0.25,0.5,4,0.49227505651892933,1.1607525865247654,2.110527370346718,1.1075943154153909
246,8.75,0.75,0.5,4,0.44074610307735973,1.1499954279756557,2.1563017435805434,1.10722492916905
247,8.75,1.25,0.5,4,0.41980649012945287,1.1356691114645665,2.1917647440134473,1.1169021510611536
248,8.75,1.75,0.5,4,0.40873620154043006,1.129158832895501,2.2096823730479516,1.1292589131043123
249,8.75,2.25,0.5,4,0.40527256168069875,1.143618733368818,2.1958798520310316,1.1164111227546485
250,8.75,2.75,0.5,4,0.4179310356989458,1.1482234896745265,2.1807963522051788,1.0943925666163303
251,8.75,3.25,0.5,4,0.4483884056414679,1.1194212598597704,2.306926089594456,1.055178903183472
252,8.75,5.25,0.5,4,0.4735450704442658,1.0996554055686483,2.653585555291437,1.0701174274349647
253,8.75,5.75,0.5,1,0.3848898861878446,1.528847642369653,1.8346778295564996,1.2332812754348723
254,8.75,6.25,0.5,1,0.4790056023824647,2.1464098555359947,1.8300973880723919,1.2772856094061502
255,8.75,8.25,0.5,1,0.43138616598034474,1.6943464000765467,1.9475153214012961,1.2439531550582947
256,8.75,8.75,0.5,1,0.3590128410836074,1.5207996420636953,1.8821663827957882,1.2434041802862854
257,9.25,0.25,0.5,4,0.5029494717256248,1.1656385051204605,2.1119503954052847,1.102530244882587
258,9.25,0.75,0.5,4,0.4564793025126747,1.167590511917186,2.1457164593180273,1.1006693341789062
259,9.25,1.25,0.5,4,0.442694307013285,1.1723721600227193,2.1645322384085515,1.094596355931012
260,9.25,1.75,0.5,4,0.4297826603516617,1.1624080624174118,2.1637796311102986,1.1022292545326329
261,9.25,2.25,0.5,4,0.4247870196992358,1.157360611218585,2.14905126873909,1.1029094228968475
262,9.25,2.75,0.5,4,0.43296240810503894,1.1478967738326653,2.1463143740115442,1.092057836493894
263,9.25,3.25,0.5,4,0.4567839301527466,1.115046902188688,2.2718993374024135,1.0851291763860453
264,9.25,5.25,0.5,4,0.4703854792120206,1.1089253372775354,2.573181386532758,1.065472204739782
265,9.25,5.75,0.5,1,0.36425318035620996,1.5042398579467857,1.842440415166796,1.2133073448255756
266,9.25,6.25,0.5,1,0.37989971186050037,1.75211044705677,1.830562017530576,1.2376756692473498
267,9.25,6.75,0.5,1,0.3737806344669674,1.960313760322539,1.8070373416430676,1.2167907394978887
268,9.25,7.25,0.5,1,0.3640911745831653,2.2054675323720945,1.7755183865130502,1.2209726234269518
269,9.25,7.75,0.5,1,0.36660890480479635,2.6469993655117374,1.7488191842937264,1.261988915265648
270,9.25,8.25,0.5,1,0.38742818571347354,1.6409043268529033,1.8970561405717945,1.237185706149774
271,9.25,8.75,0.5,1,0.33808977250738875,1.543881500480504,1.8594247089458686,1.243624154900835
272,9.75,0.25,0.5,4,0.5201768453591569,1.1592820964145119,2.100808892162839,1.0951174588561587
273,9.75,0.75,0.5,4,0.48939790637921804,1.1676067573088273,2.1190662039122814,1.0989362741914848
274,9.75,1.25,0.5,4,0.4776449684231077,1.1677724647954386,2.1208107317287097,1.0923547204943063
275,9.75,1.75,0.5,4,0.46875661298045973,1.162489803952582,2.120518044909893,1.087866340904299
276,9.75,2.25,0.5,4,0.4647369134457508,1.1544575808696975,2.117181108117196,1.086556991464917
277,9.75,2.75,0.5,4,0.4646018658919659,1.1421069409283195,2.11867575798018,1.086184062814509
278,9.75,3.25,0.5,4,0.47001647196349844,1.1237863524065608,2.1632768261382,1.0916317576582955
279,9.75,3.75,0.5,4,0.4708734683079468,1.1400042377573691,2.3944986522128295,1.1143446861846178
280,9.75,4.25,0.5,4,0.4736361435086458,1.1362390748990214,2.4460765426802378,1.0966141496869646
281,9.75,4.75,0.5,4,0.4742150520143883,1.1280627318916376,2.449938055783688,1.0817423189905906
282,9.75,5.25,0.5,4,0.46983349826044424,1.1052556962201046,2.319850110173732,1.0626510779492246
283,9.75,5.75,0.5,1,0.35554764388724347,1.4337181646483823,1.8246295601719085,1.191770558354906
284,9.75,6.25,0.5,1,0.3547791344909551,1.563375560398995,1.8436814385115599,1.2156366183355618
285,9.75,6.75,0.5,1,0.35012085550583544,1.5968434765596435,1.837985285641866,1.209544950329918
286,9.75,7.25,0.5,1,0.353469894514056,1.608487306140194,1.837767726551899,1.2018226391815434
287,9.75,7.75,0.5,1,0.35659966701019696,1.5740017076235937,1.8548861982162674,1.2142346715817032
288,9.75,8.25,0.5,1,0.34720232232158355,1.5179218929071223,1.8445634642846174,1.2160616016564425
289,9.75,8.75,0.5,1,0.33156708429254295,1.4437324254672559,1.824768852155685,1.2040821911983814
290,0.25,0.25,1.0,4,0.43080899764265673,1.2536306233565875,2.153907631010282,1.2670138727724698
291,0.25,0.75,1.0,4,0.46402550984248137,1.263839368485339,2.256298612519314,1.2575894634704863
292,0.25,1.25,1.0,4,0.4706484994841065,1.1972564027268822,2.322038292260427,1.2495844125593654
293,0.25,1.75,1.0,4,0.4740743286018874,1.1390843677887157,2.3763728092347796,1.234268743857994
294,0.25,2.25,1.0,4,0.46021301669997705,1.1486870753161722,2.3427728407247193,1.2705503228061514
295,0.25,2.75,1.0,4,0.43193280988071303,1.1784515016024666,2.2965757358126546,1.302693966242818
296,0.25,3.25,1.0,4,0.4627746359428343,1.171987690911375,2.2722372979007193,1.335275149475027
297,0.25,3.75,1.0,4,0.497306717098486,1.1546676721192723,2.255806724620821,1.4014287190529542
298,0.25,4.25,1.0,3,0.5291138810413213,1.169865062737079,2.2743256271702426,1.501286632932984
299,0.25,4.75,1.0,3,0.5469781152990684,1.1967638552691673,2.252840163258731,1.5510508941930627
300,0.25,5.25,1.0,3,0.5647703616324536,1.2366512572197894,2.2142670631557735,1.6019988253291986
301,0.25,5.75,1.0,3,0.5706197494276102,1.2903509677704115,2.1829146840839826,1.6376306419719657
302,0.25,6.25,1.0,3,0.5483859893470583,1.332050166553045,2.159214227517459,1.6498970101924941
303,0.25,6.75,1.0,3,0.5032792295913355,1.3253320439397807,2.137407783895274,1.6224809689431745
304,0.25,7.25,1.0,3,0.45352557903505464,1.28766121957722,2.1005128016081507,1.5671191202849961
305,0.25,7.75,1.0,3,0.4372496605085534,1.2585851800783256,2.0574908211521294,1.5242173677491009
306,0.25,8.25,1.0,3,0.4374725826745305,1.2374073464778772,2.040588254334545,1.4961624220769645
307,0.25,8.75,1.0,3,0.427911223490741,1.2152832215031253,2.059736275585212,1.476846490453793
308,0.75,0.25,1.0,4,0.4052508752509029,1.30888648667284,2.1039407288706404,1.2895249486490916
309,0.75,0.75,1.0,4,0.5025441578297662,1.295152607325692,2.1300318291310165,1.2912991216378713
310,0.75,1.75,1.0,4,0.5344950342650322,1.1570899192570283,2.368887934061831,1.2511311348832688
311,0.75,2.25,1.0,4,0.5093486181763567,1.1694917172893482,2.333036416550786,1.2961658645986942
312,0.75,2.75,1.0,4,0.46528443072948594,1.1857952469702604,2.283605290937529,1.342350398667601
313,0.75,3.25,1.0,4,0.47661388029985824,1.1452799063022963,2.2432574457339616,1.401825872448134
314,0.75,3.75,1.0,3,0.49590040112589834,1.0999329518294623,2.2021513718628922,1.5417218970296995
315,0.75,4.25,1.0,3,0.5250982889317355,1.140093515181419,2.206330326080408,1.6308285508903357
316,0.75,4.75,1.0,3,0.5356743327657508,1.1670597129594042,2.1735758884727177,1.6667165443145744
317,0.75,5.25,1.0,3,0.5464894537690225,1.1928837960775673,2.1393906636823505,1.6996506071170427
318,0.75,5.75,1.0,3,0.5531100268992223,1.2203674334566776,2.1277354390436702,1.745124599432306
319,0.75,6.25,1.0,3,0.550560255899653,1.2295101198398974,2.1267663408551454,1.782553573550618
320,0.75,6.75,1.0,3,0.5430164707281584,1.2212606124536036,2.132152485513907,1.8167851303992109
321,0.75,7.25,1.0,3,0.52809249921792,1.213503202686257,2.136861361749452,1.8500639951215323
322,0.75,7.75,1.0,3,0.4944655720216197,1.228498679127446,2.11101450381723,1.8927933799284897
323,0.75,8.25,1.0,3,0.45489571351774355,1.2969372514348474,2.0306508566755053,1.6081036234891264
324,0.75,8.75,1.0,3,0.45126024505543677,1.2711527879752178,2.0309974657112964,1.5532192040396247
325,1.25,0.25,1.0,4,0.4019324442140338,1.2756454683339444,2.1125223241316435,1.28043980170224
326,1.25,1.75,1.0,4,0.5170996877365468,1.1472136557557329,2.2304640204435695,1.3117229652968172
327,1.25,2.25,1.0,4,0.519785845553697,1.1349964588318937,2.235048552239298,1.3372660627152297
328,1.25,2.75,1.0,4,0.479749523555807,1.1545789302386456,2.2294758525034246,1.4067490342156
329,1.25,3.25,1.0,4,0.42266539669533953,1.1126873906674328,2.191155624424414,1.4719246232122603
330,1.25,3.75,1.0,3,0.4001572807396751,1.0229050085779117,2.19784427215811,1.5955532082807364
331,1.25,8.25,1.0,3,0.4080543300487315,1.335504417614448,1.9814338356098418,1.7576242194750926
332,1.25,8.75,1.0,3,0.42905984190459867,1.293720649407401,2.0209361892457363,1.5997435251492116
333,1.75,0.25,1.0,4,0.39763723992507455,1.2308732386565135,2.0764723496460764,1.3096284275963075
334,1.75,0.75,1.0,4,0.432168291299972,1.2706060398555783,2.0800616241108534,1.3709023135425384
335,1.75,1.25,1.0,4,0.4863623051107633,1.2227306270924085,2.0810069705491423,1.3662337693226387
336,1.75,1.75,1.0,4,0.49864061661303954,1.1487498315495603,2.1388325392027863,1.3289337102489163
337,1.75,2.25,1.0,4,0.5098782862870637,1.1424862124841635,2.198027090440639,1.329088574840885
338,1.75,2.75,1.0,4,0.5010738577982006,1.153654021738278,2.2282137469928123,1.354689494738794
339,1.75,3.25,1.0,4,0.45339173518160797,1.1457851147717648,2.15593245504472,1.368869712433415
340,1.75,3.75,1.0,4,0.34538669102524194,1.1156274922851275,2.059379771343198,1.4056938244736983
341,1.75,8.25,1.0,3,0.4041356784556218,1.30625279909796,1.9808480371734511,1.7057258279167824
342,1.75,8.75,1.0,3,0.39291136910528507,1.2942249500298844,2.0139304387343184,1.607349182782671
343,2.25,0.25,1.0,4,0.41527648361368946,1.194470732523738,2.0837452547495894,1.3159083828256453
344,2.25,0.75,1.0,4,0.44524350626986003,1.2301163758685623,2.097446470052319,1.3636297729059974
345,2.25,1.25,1.0,4,0.4878892182174599,1.2282519232717874,2.066110895879701,1.3605264962649424
346,2.25,1.75,1.0,4,0.49028813091291223,1.1910876041147624,2.0936571989388466,1.3547516624563913
347,2.25,2.25,1.0,4,0.49838978280848256,1.1801986345972726,2.145319205704227,1.374393770983588
348,2.25,2.75,1.0,4,0.509704878102572,1.1700693976145795,2.2011197902585806,1.3738326387325772
349,2.25,3.25,1.0,4,0.4955690748775154,1.1643897271741441,2.1805892980362307,1.354296881868642
350,2.25,3.75,1.0,4,0.4744323998376061,1.1908968120466885,2.106510906862097,1.3796116025319836
351,2.25,8.25,1.0,3,0.39722193270660033,1.300597458202503,1.9681455347070829,1.7043327456923112
352,2.25,8.75,1.0,3,0.35148374281693,1.2855512188275509,1.9837425443380168,1.6054366770070618
353,2.75,0.25,1.0,4,0.46161643331848917,1.2197038958336677,2.1226301204548275,1.3147742912482963
354,2.75,0.75,1.0,4,0.46935181050101227,1.2485088937501694,2.143690140189294,1.3589730413768206
355,2.75,1.25,1.0,4,0.4998769479993493,1.2521185724359642,2.105047598808421,1.3616982442593784
356,2.75,1.75,1.0,4,0.49910918328855675,1.2079052395888932,2.100852171098459,1.3374700370089068
357,2.75,2.25,1.0,4,0.4861233429126121,1.2058143099529264,2.103026256150679,1.359786881129546
358,2.75,2.75,1.0,4,0.4633836991722862,1.15142822497347,2.0682366272110992,1.3507334585550352
359,2.75,3.25,1.0,4,0.4389421599034998,1.1197061207089065,2.1456557302373698,1.3187681972923162
360,2.75,3.75,1.0,4,0.4861728521442605,1.2180844971715168,2.196104528671528,1.4565398007501658
361,2.75,8.25,1.0,3,0.3941291336720763,1.294370763306492,1.9619724039875859,1.6941233535510436
362,2.75,8.75,1.0,3,0.3563935720019801,1.263099920410078,1.9609264233190322,1.5557233688201524
363,3.25,0.25,1.0,4,0.5122377576699043,1.255299170410959,2.185676558960127,1.3024522065062658
364,3.25,0.75,1.0,4,0.49973265711881043,1.2666728099618305,2.1901954378417576,1.3471209221465317
365,3.25,1.25,1.0,4,0.5043683016442763,1.275417918021347,2.1506915220135445,1.358667654827661
366,3.25,1.75,1.0,4,0.5229209317013894,1.2183832701538784,2.123508810446645,1.2751998395766082
367,3.25,2.25,1.0,4,0.5159439657595389,1.2272101531203425,2.0815839947762584,1.3068638818091673
368,3.25,2.75,1.0,4,0.4958732965456656,1.2209848738245375,2.0434495096727847,1.3179617169402125
369,3.25,3.25,1.0,4,0.42380007443536066,1.1148120291312558,1.966410159178098,1.2989778690258462
370,3.25,3.75,1.0,4,0.44674693874664767,1.1648548054571806,2.1540980283153806,1.414565792900432
371,3.25,8.25,1.0,3,0.4128331395435635,1.288713165977731,1.9869071590865732,1.6620016642577764
372,3.25,8.75,1.0,3,0.38293594410625265,1.2522739169183872,1.9760141375010307,1.5035986856689176
373,3.75,0.25,1.0,2,0.5367382746277951,1.2413018263664228,2.2144702554413684,1.3029427906338573
374,3.75,0.75,1.0,4,0.5010853088451638,1.2526638916598127,2.218475443850282,1.3384288957353958
375,3.75,1.25,1.0,4,0.48075332619592565,1.2756661798155873,2.2012050622608137,1.3602138490896485
376,3.75,1.75,1.0,4,0.5123216905078597,1.165365155682685,2.1255470307431468,1.2467647918185931
377,3.75,2.25,1.0,4,0.5017630227596369,1.2116924324254401,2.062031987371224,1.2732258846443534
378,3.75,2.75,1.0,4,0.5021731336915582,1.2770078143482717,2.1516342831374318,1.312335638980504
379,3.75,3.25,1.0,4,0.4691110943369358,1.248047541266377,2.0380970284820528,1.263668796661813
380,3.75,3.75,1.0,4,0.4119705197749797,1.2400720936817746,2.0161202839228585,1.2241297649723224
381,3.75,4.25,1.0,1,0.4330947595622698,1.2708811213263058,2.2029784537313017,1.416816165780659
382,3.75,4.75,1.0,1,0.4493193788241492,1.400219276843658,2.2271022033394074,1.5160808852248313
383,3.75,5.25,1.0,1,0.42947320305725994,1.413854623019484,2.2028324086347566,1.5025380127257024
384,3.75,5.75,1.0,1,0.4144596231599452,1.3888071419526358,2.164788966310592,1.5015584757437597
385,3.75,6.25,1.0,1,0.40140575800374906,1.3668968459402935,2.1196962778676403,1.515926028613698
386,3.75,6.75,1.0,1,0.40989066393848106,1.3571745637697437,2.090639822051327,1.511850445333603
387,3.75,7.25,1.0,1,0.43261074921477094,1.3619884622260134,2.0709132328357325,1.498864284779922
388,3.75,7.75,1.0,1,0.449854299395737,1.3567555550568813,2.0717020231997374,1.4859969617095314
389,3.75,8.25,1.0,1,0.4268703506038895,1.3186598530465437,2.04145191817546,1.4555826250632893
390,3.75,8.75,1.0,3,0.38300919177280657,1.2596453242299455,1.9830944937441255,1.4459039300053784
391,4.25,0.25,1.0,2,0.54411636584767,1.215893999254881,2.247067107858736,1.2734010467721446
392,4.25,0.75,1.0,4,0.48841046068186744,1.2275071014967611,2.2541031337036785,1.3002042781792125
393,4.25,1.25,1.0,4,0.46154112029051314,1.2632960419183137,2.2463708763331276,1.3383160459289087
394,4.25,1.75,1.0,4,0.4920032225069578,1.1511090426947463,2.17712244370154,1.2389667496233632
395,4.25,2.25,1.0,4,0.46554856454468485,1.1639543211343057,2.10038999079042,1.26871706432399
396,4.25,2.75,1.0,4,0.4952812194710775,1.3217704516571678,2.1550012255422386,1.326288098334761
397,4.25,3.25,1.0,4,0.489377263873495,1.2972712366932615,2.1407398516727976,1.2689190156805354
398,4.25,3.75,1.0,4,0.3962531800192796,1.322981767270181,2.0260937579955662,1.2541806719368291
399,4.25,4.25,1.0,4,0.4180243207741311,1.3362723357705761,2.008016718988242,1.2226179551730967
400,4.25,4.75,1.0,2,0.47759091144690335,1.345498420387696,2.1291226605334215,1.3232095279360712
401,4.25,5.25,1.0,2,0.4598229815960597,1.426658463811384,2.1955037874272327,1.3675496829499154
402,4.25,5.75,1.0,1,0.4103020831087174,1.4488300739918407,2.2068628291473322,1.3721605186778463
403,4.25,6.25,1.0,1,0.41308700855604197,1.453266631989406,2.1576526575439594,1.3963590031912436
404,4.25,6.75,1.0,1,0.4159742107644523,1.4496589011433147,2.116929606809113,1.407014212135062
405,4.25,7.25,1.0,1,0.41704599655749164,1.4465277389112416,2.1025902469287425,1.3935894578577248
406,4.25,7.75,1.0,1,0.4257830611031628,1.4215312237063644,2.0893096375592246,1.3655416884983922
407,4.25,8.25,1.0,1,0.41909599893573496,1.362760961699955,2.0522243760683536,1.3382675233223364
408,4.25,8.75,1.0,1,0.40060915125581253,1.2946778968979986,1.9918769380156627,1.3723533227037874
409,4.75,0.25,1.0,2,0.5671073252992462,1.2113146002309414,2.2436356979536547,1.2644591487719856
410,4.75,0.75,1.0,4,0.4817676674858338,1.2138068427340365,2.2697906660087437,1.2677818730937078
411,4.75,1.25,1.0,4,0.46877204523981203,1.2345155922766875,2.276229571888943,1.3018207393792742
412,4.75,1.75,1.0,4,0.47683780465156794,1.1678411386013936,2.2363958125683245,1.2112185277195786
413,4.75,2.25,1.0,4,0.4484415628781539,1.1386519296964182,2.1980894704438745,1.2457632903875884
414,4.75,2.75,1.0,4,0.4862741923361106,1.3115320968799946,2.177544705860701,1.3303850529951038
415,4.75,3.25,1.0,4,0.48614209888265136,1.3403556980154159,2.1813040719938623,1.2775144826416338
416,4.75,3.75,1.0,4,0.4348105899592417,1.3419152163719577,2.1315569406571098,1.2953495421080599
417,4.75,4.25,1.0,4,0.3953613071123587,1.3684653356248238,2.0353953178565036,1.2326940775375221
418,4.75,4.75,1.0,4,0.479749132051914,1.3272978945636467,2.0479385813578337,1.2081339779574203
419,4.75,5.25,1.0,2,0.5034138258365225,1.3353516162582686,2.155812398816866,1.2787049102356982
420,4.75,5.75,1.0,1,0.422278657118647,1.4048969264031983,2.1917948616781455,1.3247643636829376
421,4.75,6.25,1.0,1,0.41094215652805566,1.4997346994519027,2.1352833567619323,1.3924227106263738
422,4.75,6.75,1.0,1,0.40664876878399214,1.5216234163303455,2.0843849639996037,1.4046240893088886
423,4.75,7.25,1.0,1,0.4080305380196462,1.5248304472746248,2.071726504526282,1.3780995359382984
424,4.75,7.75,1.0,1,0.41481087320215476,1.4994492479374852,2.064363199946832,1.3433131088471064
425,4.75,8.25,1.0,1,0.4042969780313514,1.4089875181695781,2.0364067345520542,1.3055446127018744
426,4.75,8.75,1.0,1,0.38954724097602744,1.3150977792359015,1.982999576033057,1.3122946966530697
427,5.25,0.25,1.0,2,0.5801564778060753,1.1980734435047091,2.230503291182718,1.2446762981715815
428,5.25,0.75,1.0,4,0.48205438681626417,1.2117649868269964,2.271725349261,1.2431521607836338
429,5.25,1.25,1.0,4,0.4853409141107006,1.2189076628829163,2.296391638605745,1.273287236778814
430,5.25,1.75,1.0,4,0.47718986994766255,1.1866647620911233,2.2543395407860918,1.2110503272835749
431,5.25,2.25,1.0,4,0.45766101009857396,1.1721542910671172,2.23997432976587,1.1897328818726058
432,5.25,2.75,1.0,4,0.46411995447897453,1.3063736452536407,2.20385515882769,1.3010940162292366
433,5.25,3.25,1.0,4,0.46994518425181575,1.3460266535459524,2.200321902816208,1.2936286796865117
434,5.25,3.75,1.0,4,0.45277990463851203,1.3463844965232397,2.1878088652173635,1.3043057016288726
435,5.25,4.25,1.0,4,0.44228591241024307,1.3455140476891139,2.1375061248526985,1.2793460815418627
436,5.25,4.75,1.0,4,0.45567815979980264,1.3110046235579245,2.0663016826136564,1.2232183554412273
437,5.25,5.25,1.0,4,0.5161397241043376,1.274945525806943,2.1285667166946665,1.2129949536287747
438,5.25,5.75,1.0,1,0.43314642859429264,1.4155555940119406,2.0725412334244986,1.3453545340157536
439,5.25,6.25,1.0,1,0.3783254425344281,1.5228132989811032,2.06258500454022,1.3706107120700168
440,5.25,6.75,1.0,1,0.36628575250659756,1.5679550776159854,2.0471050126486934,1.3593026435251645
441,5.25,7.25,1.0,1,0.37728870753161026,1.5857821076671859,2.0403642658562746,1.3346406099773074
442,5.25,7.75,1.0,1,0.3966151526953945,1.550948783802337,2.0411055632517745,1.322541460691211
443,5.25,8.25,1.0,1,0.39224394446097277,1.4453320533811618,2.0153990052308606,1.291363752838304
444,5.25,8.75,1.0,1,0.38628869955756834,1.3294340330580627,1.9664194367482624,1.282187303781178
445,5.75,0.25,1.0,2,0.5759108863790702,1.1945004792761078,2.20861509538159,1.2232561845372683
446,5.75,0.75,1.0,4,0.48403770908891064,1.2046075916334422,2.2513310779879365,1.2166357004910653
447,5.75,1.25,1.0,4,0.49391453444150674,1.212653640290189,2.2931395033810142,1.2414826518417728
448,5.75,1.75,1.0,4,0.4983479336524465,1.203222074768646,2.2450022207253704,1.2266556653766634
449,5.75,2.25,1.0,4,0.4928195175574968,1.2140032234004046,2.2362650151322008,1.1766852019490532
450,5.75,2.75,1.0,4,0.45689435730314526,1.3135910980505239,2.221039622536912,1.2646959649621448
451,5.75,3.25,1.0,4,0.4560827499148489,1.3413972601351833,2.2054276996568634,1.2975840962145302
452,5.75,3.75,1.0,4,0.4581709129262201,1.3187997874716546,2.2043262191500466,1.2861568720170526
453,5.75,4.25,1.0,4,0.46463802935425025,1.3052712594922289,2.1786082513218545,1.276337891435412
454,5.75,4.75,1.0,4,0.46788898554631914,1.2981118231562336,2.13734226880327,1.2461206153968267
455,5.75,5.25,1.0,4,0.5035030114913144,1.2362057963364992,2.120036170568628,1.2016419370835687
456,5.75,5.75,1.0,1,0.34574046882322484,1.6465238767770214,2.0058164252916297,1.3288363097069127
457,5.75,6.25,1.0,1,0.3761008434479852,1.5559397413987281,1.951887586491334,1.3105238132741364
458,5.75,6.75,1.0,1,0.37615924224266706,1.5752138201449624,1.9808394772947302,1.3336674289303074
459,5.75,7.25,1.0,1,0.3798077675245293,1.5858011189542065,2.0028711983835947,1.325388877420555
460,5.75,7.75,1.0,1,0.38966286482479007,1.566166551251842,2.0224804784523394,1.315621454403773
461,5.75,8.25,1.0,1,0.3899433875801632,1.4869137710553069,1.998457694861116,1.2881166346701751
462,5.75,8.75,1.0,1,0.38596209743773974,1.3560571414457552,1.9411464328935626,1.2653515830277318
463,6.25,0.25,1.0,2,0.5811933623302495,1.191843326277564,2.169648989710281,1.2068170032680126
464,6.25,0.75,1.0,4,0.47124620790376176,1.1862097171166133,2.2047537562772157,1.1927002114563294
465,6.25,1.25,1.0,4,0.48939502969155607,1.1932136567361113,2.253969779508395,1.2160459332132936
466,6.25,1.75,1.0,4,0.49705974829838007,1.2042224898404645,2.2103290469453354,1.234991345372762
467,6.25,2.25,1.0,4,0.5107746789168395,1.2330377927547993,2.1878423696929534,1.197581504344909
468,6.25,2.75,1.0,4,0.4613150688053267,1.2863242955618148,2.1977462342345104,1.237306964567159
469,6.25,3.25,1.0,4,0.4406987924343491,1.27943010736912,2.17339758692769,1.255271871135964
470,6.25,3.75,1.0,4,0.43588140981000817,1.2503786340119907,2.1571998973095114,1.2301026473715484
471,6.25,4.25,1.0,4,0.4465514821818835,1.256503687868389,2.145520443116134,1.2347005232228583
472,6.25,4.75,1.0,4,0.46456855971145655,1.2538245348186474,2.1383755047536956,1.2288517866308575
473,6.25,5.25,1.0,4,0.5012540417470078,1.1996226332186288,2.0982190361759234,1.1891975221829358
474,6.25,5.75,1.0,1,0.37428344233481586,1.6721474661615006,2.0205671959550595,1.3521898032040065
475,6.25,6.25,1.0,1,0.39490262746158006,1.7674106681260449,1.9575406204599488,1.3339360018519106
476,6.25,6.75,1.0,1,0.4453455517395438,1.8390901838410405,2.096527236149893,1.3700033967310004
477,6.25,7.25,1.0,1,0.38306096786866517,1.7623332810377428,2.0420905582382995,1.3409722684734586
478,6.25,7.75,1.0,1,0.3898853287752665,1.7052635494210655,2.031803566288789,1.314838108865366
479,6.25,8.25,1.0,1,0.4016939502039525,1.5684968431025663,1.992851625234471,1.3057877200714638
480,6.25,8.75,1.0,1,0.3961725683269177,1.4062488499232653,1.9114032730363173,1.2678838483106527
481,6.75,0.25,1.0,2,0.5566957356231558,1.193919091352066,2.144459563988016,1.175797161960155
482,6.75,0.75,1.0,4,0.46589979169678675,1.1696064996915256,2.1804253170107417,1.1865699307740656
483,6.75,1.25,1.0,4,0.4939169663226171,1.1773720986963792,2.2337280241795994,1.203317191790632
484,6.75,1.75,1.0,4,0.49269414344136037,1.2060066046545967,2.199176127966705,1.2326744813277664
485,6.75,2.25,1.0,4,0.5004077665157676,1.2452554765733868,2.138828118250565,1.2236342907615676
486,6.75,2.75,1.0,4,0.482669494647182,1.2529756598949346,2.1447321724977866,1.2065052154520879
487,6.75,3.25,1.0,4,0.4629197424333057,1.2102798743869554,2.0954151522729316,1.191842979631804
488,6.75,3.75,1.0,4,0.45549649275069787,1.1764333065787596,2.051575661865034,1.173518034414343
489,6.75,4.25,1.0,4,0.4668409308257905,1.1745190999710808,2.038479024031725,1.178860054635517
490,6.75,4.75,1.0,4,0.47564923112445645,1.1675195382175667,2.0513129412108144,1.1783370479423958
491,6.75,5.25,1.0,4,0.49610351760254995,1.144903590759759,2.0555467756171213,1.161331224515384
492,6.75,5.75,1.0,1,0.3790029112397528,1.702050250550917,2.0116044644135376,1.3536162484941436
493,6.75,6.25,1.0,1,0.3995054086804467,1.9047309405838062,1.9781144564957318,1.3119260858787003
494,6.75,8.25,1.0,1,0.40265445608269956,1.9599125782435778,1.99994511080729,1.2710283851501478
495,6.75,8.75,1.0,1,0.39131277406561354,1.4851068644102747,1.9055249334275202,1.3011135078154146
496,7.25,0.25,1.0,2,0.5400968767672775,1.1943597486186992,2.1350373829850677,1.1574579763362907
497,7.25,0.75,1.0,4,0.4577842567144715,1.1644518353874926,2.186384500222411,1.1775281923867067
498,7.25,1.25,1.0,4,0.47288904133041604,1.1559406252020639,2.256867145763502,1.1881579433448204
499,7.25,1.75,1.0,4,0.4529357014324022,1.1725898446356353,2.266951216425566,1.2155485804473987
500,7.25,2.25,1.0,4,0.44357854583580225,1.2074893808864129,2.2224039006042102,1.2365757647643305
501,7.25,2.75,1.0,4,0.4667508737922175,1.230667589146154,2.265151073653188,1.2333153007161552
502,7.25,3.25,1.0,4,0.49191481437051526,1.1804022677696255,2.4280704648854554,1.1479767156960372
503,7.25,3.75,1.0,2,0.5184508606503928,1.1168381340183764,3.027312383925966,1.0423177161670285
504,7.25,4.25,1.0,2,0.48683650936850426,1.0879221439600848,3.1555006161614774,1.1039692024794583
505,7.25,4.75,1.0,2,0.5448006500832256,1.0484345259107872,3.548857688114426,1.0818079736805686
506,7.25,5.25,1.0,4,0.47892750936793876,1.0712431716281838,2.9023676934800897,1.0990727982983453
507,7.25,5.75,1.0,1,0.3742990671490723,1.7117717481222754,1.974956672844866,1.3559557660746104
508,7.25,6.25,1.0,1,0.38881954119445,1.903283584584692,2.014655945810148,1.3446090475236558
509,7.25,8.25,1.0,1,0.4500539215740189,2.0702831266676243,2.0106952231695248,1.284274538490719
510,7.25,8.75,1.0,1,0.3658277923818758,1.579147937893477,1.9099778223697605,1.3282718879271145
511,7.75,0.25,1.0,4,0.5113093221218364,1.1970129201308577,2.1299416752764597,1.1419395366711715
512,7.75,0.75,1.0,4,0.4448347074490635,1.1756897835595244,2.205635510647316,1.1654398174807357
513,7.75,1.25,1.0,4,0.44495010421874526,1.1389358331207293,2.2997097513278417,1.1826099646798254
514,7.75,1.75,1.0,4,0.4442904177799902,1.1519402769066767,2.360333896582091,1.1968923055298355
515,7.75,2.25,1.0,4,0.4331869554019758,1.190141523823464,2.3154340489879015,1.2062505564871424
516,7.75,2.75,1.0,4,0.459889377500866,1.2186692330803732,2.3197462081343168,1.2113456727942937
517,7.75,3.25,1.0,4,0.5236650493988692,1.188012623002447,2.5301536366203856,1.124520009019763
518,7.75,5.25,1.0,4,0.5174793610623836,1.0853758359236325,3.138764956166067,1.1177830917742504
519,7.75,5.75,1.0,1,0.3552277561998783,1.6512191625755004,1.9602561396674112,1.3179647783638853
520,7.75,6.25,1.0,1,0.36806545732829904,1.9366412465500238,1.9970028400107767,1.3442548539174737
521,7.75,8.25,1.0,1,0.4515224000073609,2.0689416467443493,1.9946596707047035,1.2981592876854615
522,7.75,8.75,1.0,1,0.34998904864731956,1.6939535697292634,1.9195846169862028,1.344875208221935
523,8.25,0.25,1.0,4,0.4941928578073251,1.199212609877553,2.1356696626695877,1.130129840395692
524,8.25,0.75,1.0,4,0.4372840376021751,1.1847961203852195,2.2200419563966665,1.154110554790344
525,8.25,1.25,1.0,4,0.4346543156852267,1.1440163228073477,2.327204348794078,1.1726175001104677
526,8.25,1.75,1.0,4,0.45101718239072147,1.1491002106458479,2.396665804475186,1.1748064825564424
527,8.25,2.25,1.0,4,0.4390755151892497,1.1785170651903987,2.3592478180969785,1.1849136018724757
528,8.25,2.75,1.0,4,0.4596398707594396,1.1896866186529906,2.333873579481701,1.1962442020163029
529,8.25,3.25,1.0,4,0.5001967870911906,1.1500611903979472,2.4308320951245292,1.1351515561524554
530,8.25,5.25,1.0,4,0.519671140698743,1.1060445398837635,3.0862322732125156,1.120932458591791
531,8.25,5.75,1.0,1,0.3610238305854753,1.6693372348339166,1.9380021808982446,1.2992973657672682
532,8.25,6.25,1.0,1,0.3779476279080154,2.0898770455323628,1.9380446619914187,1.3382372580407944
533,8.25,8.25,1.0,1,0.43521734870522455,2.040009248584019,1.9747102465281097,1.3072428940428276
534,8.25,8.75,1.0,1,0.3270169022390874,1.7962763547565392,1.8955278424100233,1.3581364552821134
535,8.75,0.25,1.0,4,0.491817057545983,1.1930124146565548,2.130894435793627,1.1238408392387524
536,8.75,0.75,1.0,4,0.447029009390541,1.1927551029885266,2.213128134863982,1.1409415142484303
537,8.75,1.25,1.0,4,0.43705147230194225,1.1628906241540686,2.303462426343247,1.1548967124083773
538,8.75,1.75,1.0,4,0.44567996552930395,1.1503550836627414,2.3736674986653346,1.1611146631277716
539,8.75,2.25,1.0,4,0.4467657164654537,1.1666098514213235,2.3518701736980048,1.1703380140972308
540,8.75,2.75,1.0,4,0.4654842093742153,1.1724457929427248,2.3134524096113203,1.1786552218485205
541,8.75,3.25,1.0,4,0.4863652356128308,1.1429983017517378,2.40110074603589,1.1291099345294564
542,8.75,5.25,1.0,4,0.5065622442871776,1.1048944050172786,2.9985677046244814,1.1012728150833249
543,8.75,5.75,1.0,1,0.3571670754727737,1.669289586793266,1.9134238958113452,1.279460155312804
544,8.75,6.25,1.0,1,0.45791430885994794,2.3402804108177135,1.8304597018208397,1.3167649271119126
545,8.75,8.25,1.0,1,0.41298977090855715,2.034534990968224,1.947978027462377,1.2997910310916816
546,8.75,8.75,1.0,1,0.31378914384856704,1.8609667808728092,1.8491545760063706,1.3259181259252668
547,9.25,0.25,1.0,4,0.5021703550059593,1.1892869646953848,2.1233300572477254,1.1238675633192698
548,9.25,0.75,1.0,4,0.47125913257960406,1.1973284916692497,2.1842352237123817,1.1334054948782393
549,9.25,1.25,1.0,4,0.4703947150329785,1.1948841981522478,2.2369092927492114,1.1374675402528815
550,9.25,1.75,1.0,4,0.469626290826718,1.1859522050918976,2.2755616370445164,1.1449554744011936
551,9.25,2.25,1.0,4,0.472055796903642,1.1901244331318415,2.274113001317135,1.1516482788109372
552,9.25,2.75,1.0,4,0.4824004721861249,1.1844261897028192,2.2614202326528483,1.151776503661353
553,9.25,3.25,1.0,4,0.4726717693067038,1.155615300862084,2.4024767697836675,1.1109453584026114
554,9.25,5.25,1.0,4,0.5115226947221904,1.1155335361818752,2.946526823493129,1.1050492817000448
555,9.25,5.75,1.0,1,0.3554572132965516,1.6238207047894584,1.884180411323547,1.262846571835878
556,9.25,6.25,1.0,1,0.37892326523002934,1.9605269037488107,1.8642463438323986,1.2871900509324472
557,9.25,6.75,1.0,1,0.3662829731732883,2.135192252107453,1.8678155651727757,1.2418300698163152
558,9.25,7.25,1.0,1,0.35332043945818115,2.401686431887935,1.8069556692653774,1.218578699131988
559,9.25,7.75,1.0,1,0.4010649697079772,2.9092125471756587,1.8087606551046298,1.2558451193551041
560,9.25,8.25,1.0,1,0.3797912933181366,1.947923846725234,1.8870281752696922,1.269728433436513
561,9.25,8.75,1.0,1,0.33034668100185743,1.8123345951506782,1.820247786591557,1.2746565146603435
562,9.75,0.25,1.0,4,0.5153470391282811,1.175389190924372,2.1116756944532513,1.1178602180609274
563,9.75,0.75,1.0,4,0.5019447327555807,1.1883303516933874,2.140515214809567,1.1261658265038152
564,9.75,1.25,1.0,4,0.5027390947362638,1.190459525312009,2.1548571252845665,1.1221950214446477
565,9.75,1.75,1.0,4,0.5063559527505102,1.1893446339475418,2.1630572806102877,1.1216931649529305
566,9.75,2.25,1.0,4,0.5078608617375673,1.183006989396138,2.1643777639119905,1.1267853627420248
567,9.75,2.75,1.0,4,0.5101368794753315,1.1717330647246915,2.172446076222353,1.1281771645800438
568,9.75,3.25,1.0,4,0.5081723824004422,1.1504387064593644,2.2435390455358366,1.1277104396763198
569,9.75,3.75,1.0,4,0.5056139473932274,1.1502436247619063,2.5258916982772304,1.1551835394067411
570,9.75,4.25,1.0,4,0.5107515220802143,1.1445913654800768,2.605291704475159,1.1397218235959243
571,9.75,4.75,1.0,4,0.515602886716942,1.1438800155708593,2.665186464332134,1.1279138117143568
572,9.75,5.25,1.0,4,0.5116177808468817,1.1247154536982418,2.5406807500701842,1.1107084716598665
573,9.75,5.75,1.0,1,0.34620487288215523,1.5526094233131336,1.8600310129784152,1.2513172406354311
574,9.75,6.25,1.0,1,0.35790861571996585,1.8059759093445218,1.8461699042316562,1.3045941433167938
575,9.75,6.75,1.0,1,0.35699817623592145,1.7831977091998752,1.8953968838386779,1.2978868465917208
576,9.75,7.25,1.0,1,0.35443699962369346,1.7538905869806618,1.9066133638504634,1.2708105335363968
577,9.75,7.75,1.0,1,0.3589468869939801,1.7184935146717537,1.8803890328888078,1.2514010270852758
578,9.75,8.25,1.0,1,0.35101954864615165,1.6544197858442182,1.8422203120405918,1.24021721706366
579,9.75,8.75,1.0,1,0.3415435233392421,1.5779219578440116,1.8106863491502418,1.2351998724296498
580,0.25,0.25,1.5,2,0.5245989534553225,1.4476108884592138,2.3979264210908444,1.2887900174803448
581,0.25,0.75,1.5,2,0.5062767459241724,1.3699578785975537,2.6582039011602077,1.2467078955084212
582,0.25,1.25,1.5,2,0.5543831087162391,1.2788926233377336,2.748750631566005,1.1922110378545208
583,0.25,1.75,1.5,2,0.5519415116469512,1.2183839427968086,2.7901993213978455,1.129268934456073
584,0.25,2.25,1.5,2,0.5315044406164089,1.1914181342952612,2.7524950830731236,1.2144083331757183
585,0.25,2.75,1.5,2,0.5031394748868047,1.2324206474161177,2.6509991711628675,1.2780790931228792
586,0.25,3.25,1.5,2,0.4896073716370531,1.2503245589253629,2.4818660823173637,1.3381748522875665
587,0.25,3.75,1.5,2,0.5011108737344784,1.287426142657189,2.4098707051167034,1.4077906752303715
588,0.25,4.25,1.5,2,0.5197516191734722,1.3286536029501097,2.4051266630244825,1.455774305538072
589,0.25,4.75,1.5,2,0.527058641217531,1.3672324139461303,2.383842083589966,1.4892507044477508
590,0.25,5.25,1.5,3,0.5357130035803016,1.433486709225157,2.3445136971550884,1.5789997740175372
591,0.25,5.75,1.5,3,0.5447495447359005,1.503593415816637,2.3138876610871315,1.6619457430281757
592,0.25,6.25,1.5,3,0.5331745448616381,1.5313679252580765,2.2738065349506464,1.6909067677903336
593,0.25,6.75,1.5,3,0.5269165701729488,1.5205961182842394,2.2248169961091553,1.6986002102517894
594,0.25,7.25,1.5,3,0.5093838621175021,1.519890580192315,2.2079218410654353,1.65940831280354
595,0.25,7.75,1.5,3,0.4924893579269033,1.5088348140811576,2.198690327481206,1.6428284492105445
596,0.25,8.25,1.5,3,0.49513872908304807,1.4960009947443929,2.2154770616141524,1.646844853404069
597,0.25,8.75,1.5,3,0.5427404414827165,1.4679089128220346,2.2607623493882936,1.6144075897744123
598,0.75,0.25,1.5,2,0.45422642369017324,1.6172396920958596,2.370571994916525,1.369561080683543
599,0.75,0.75,1.5,2,0.4564458353760491,1.495090718908917,2.541702616148767,1.2970008848427221
600,0.75,1.75,1.5,2,0.5310915359985763,1.2576717853325046,2.6907853137762983,1.2024818274070503
601,0.75,2.25,1.5,2,0.5618236651662728,1.242147859659497,2.7090100252116227,1.245081233371491
602,0.75,2.75,1.5,2,0.5075836167209493,1.2561491930872124,2.621488503211161,1.3071741106055292
603,0.75,3.25,1.5,2,0.4476233583099556,1.247428639037783,2.45892631688085,1.3765578648030365
604,0.75,3.75,1.5,2,0.4494257018049591,1.2558624165205279,2.3500096261659262,1.4735697041164064
605,0.75,4.25,1.5,2,0.4802668597734509,1.2970630168081048,2.328127085894971,1.517853665132668
606,0.75,4.75,1.5,2,0.4749393654745757,1.3170257434366457,2.2912668030912884,1.5770590414900705
607,0.75,5.25,1.5,3,0.4974273310278475,1.358440521882516,2.2863232509362854,1.6616005408360777
608,0.75,5.75,1.5,3,0.5136756352673114,1.3682629188914575,2.2853893714209543,1.7503819351458538
609,0.75,6.25,1.5,3,0.5109969130991732,1.3854718219110818,2.2741199435196555,1.7746065459279385
610,0.75,6.75,1.5,3,0.49985070436684054,1.3890355402936096,2.237529855400595,1.7731476836888738
611,0.75,7.25,1.5,3,0.514282215765037,1.3596703900691782,2.1881677425968524,1.8117541684181022
612,0.75,7.75,1.5,3,0.4824749003929562,1.3872708336592872,2.113253535463243,1.816251118612802
613,0.75,8.25,1.5,3,0.49563191726877737,1.4452893926469694,2.136957918604855,1.6825974257190504
614,0.75,8.75,1.5,3,0.48251837981120466,1.4372689997452508,2.192486998905083,1.6460165519151946
615,1.25,0.25,1.5,2,0.44392928799071013,1.5693083192151165,2.2596403215386123,1.4321996911880575
616,1.25,1.75,1.5,4,0.4683212129546645,1.2145971760909995,2.3706558499286063,1.2728824443885502
617,1.25,2.25,1.5,4,0.3397844853338838,1.1461215306357857,2.112474224738915,1.1130097365201301
618,1.25,2.75,1.5,4,0.2820384703859898,1.1916351741874287,2.1338698118656976,1.203950427086197
619,1.25,3.25,1.5,4,0.2669504024757362,1.224629961310213,2.2301708855742888,1.3276607144917105
620,1.25,3.75,1.5,4,0.3064354120219731,1.1802164160673467,2.2924152250915686,1.5383179973414864
621,1.25,4.25,1.5,3,0.3923402019077211,1.0674036556772022,2.3235559004123267,1.9034979049379896
622,1.25,4.75,1.5,3,0.42181631118604923,1.1810590430071282,2.361438540870592,1.8026092704347823
623,1.25,5.25,1.5,3,0.41397003044199254,1.295930017949816,2.387552372172284,1.7494707649258205
624,1.25,5.75,1.5,3,0.43540529732628186,1.42620229332695,2.3946664705921887,1.75816989839842
625,1.25,6.25,1.5,3,0.4192900582713761,1.428790752313248,2.37446771079903,1.742091971325969
626,1.25,6.75,1.5,3,0.42986460604821514,1.4427371486662723,2.3447397660175255,1.7374544655934312
627,1.25,7.25,1.5,3,0.4498539228059968,1.4375882443890395,2.333331876334741,1.8144335343185338
628,1.25,7.75,1.5,3,0.3878486097340157,1.3847094762544927,2.210191658195685,1.9621746220714271
629,1.25,8.25,1.5,3,0.4353129575616145,1.4400868066016699,2.1062730143584667,1.7719617694564385
630,1.25,8.75,1.5,3,0.4512033352840691,1.442255939715448,2.176466555872465,1.6545144831440692
631,1.75,0.25,1.5,2,0.390064603373413,1.502201966259716,2.1782837614357438,1.5022401284476627
632,1.75,0.75,1.5,2,0.44896803339557645,1.4785253491480135,2.193510863040235,1.5115934067696268
633,1.75,1.25,1.5,4,0.5486923164320565,1.4000499035227583,2.113803235520012,1.440954728446509
634,1.75,1.75,1.5,4,0.5347588842265265,1.0546490183601431,1.8230437234290613,1.1570529269203473
635,1.75,2.25,1.5,4,0.5152702398969301,1.1115588774724883,2.240884217649057,1.2199169236693181
636,1.75,2.75,1.5,4,0.488910502696657,1.2191244583107541,2.197407262299985,1.1706660113598741
637,1.75,3.25,1.5,4,0.3900950795827015,1.2120633780002406,2.037543259016915,1.0679301588228296
638,1.75,3.75,1.5,4,0.282655831550865,1.2675100773046022,2.076810107559578,1.2642916124316055
639,1.75,4.25,1.5,3,0.20574851058436863,1.231083926464685,2.151271253801131,1.689419314978518
640,1.75,4.75,1.5,3,0.274738006231649,1.3326122468338897,2.2035485510478683,1.7390041802989649
641,1.75,5.25,1.5,3,0.3159923266287121,1.3585223854844946,2.1693559384248857,1.7207834457353415
642,1.75,5.75,1.5,3,0.35767178508842007,1.4499012751648337,2.259056179206402,1.7254547131209919
643,1.75,6.25,1.5,3,0.3856918033549299,1.4719808844542461,2.283636964984432,1.713331905624798
644,1.75,6.75,1.5,3,0.41239798456616217,1.5104971094313673,2.3041602389129987,1.7410697887942157
645,1.75,7.25,1.5,3,0.38397344170475073,1.473085084799896,2.235086119532975,1.781338744285038
646,1.75,7.75,1.5,3,0.3675668703605638,1.4217303370082413,2.1751520049638517,1.804287510021551
647,1.75,8.25,1.5,3,0.40774341218885884,1.4150994209152503,2.1412901309965884,1.687490312942053
648,1.75,8.75,1.5,3,0.4456526994628735,1.469291778565976,2.1683795942772783,1.6170645019841723
649,2.25,0.25,1.5,2,0.3680893321723807,1.4102184089814669,2.1865997447119776,1.5053853776086659
650,2.25,0.75,1.5,2,0.43648220470961063,1.4489843667821245,2.2080318826777505,1.5442886029003666
651,2.25,1.25,1.5,4,0.48513807371383355,1.1447057558346987,1.8811686337369513,1.1699681058844202
652,2.25,1.75,1.5,4,0.5352680713499472,1.2734704209928753,2.077631516386642,1.346559379432976
653,2.25,2.25,1.5,4,0.5447768976796973,0.9215567921668737,1.6627724165922213,1.093697866625266
654,2.25,2.75,1.5,4,0.5307084634449668,1.1217337871784967,2.198818366541836,1.2038532628304845
655,2.25,3.25,1.5,4,0.5450221332058675,1.3185425510336581,2.396079172734832,1.292031847946964
656,2.25,3.75,1.5,4,0.5602916212924098,1.2610261358048804,2.3534831258158952,1.280833505470024
657,2.25,4.25,1.5,3,0.5671846125903033,1.3903396964507624,2.352640686558103,1.4832505865295897
658,2.25,4.75,1.5,3,0.476577938340992,1.4356138177272229,2.266202955407583,1.5583184111332111
659,2.25,5.25,1.5,3,0.3811319115902399,1.4591135459647604,2.178830381266311,1.6556554191755977
660,2.25,5.75,1.5,3,0.35480141763710155,1.4833223110017495,2.162927537324289,1.7175984336802081
661,2.25,6.25,1.5,3,0.3338101955372771,1.5432847346100902,2.2187211534283424,1.7180826862636074
662,2.25,6.75,1.5,3,0.32376592125778736,1.5690844927581664,2.211425959645183,1.75444675854188
663,2.25,7.25,1.5,3,0.35591333526895647,1.5137768568951095,2.173510906659955,1.6961250229529208
664,2.25,7.75,1.5,3,0.3631114433075515,1.4361827579458506,2.1633891090370794,1.6610851234117319
665,2.25,8.25,1.5,3,0.41483492805717836,1.4063092984482584,2.1507660944899047,1.615161072128671
666,2.25,8.75,1.5,3,0.4200609430448832,1.4930628637660326,2.1300359538616886,1.5745407260483877
667,2.75,0.25,1.5,2,0.4095563338625806,1.3708573635704782,2.2304808037881805,1.4716358467038817
668,2.75,0.75,1.5,2,0.4336349623857447,1.4286080701711565,2.238764095327621,1.5513184591447748
669,2.75,1.25,1.5,4,0.4719137738557743,1.191264944887027,1.9934691198646775,1.2156573341436339
670,2.75,1.75,1.5,4,0.45521565825309473,1.1733125834422402,1.9676979978580662,1.2601692434878389
671,2.75,2.25,1.5,4,0.5111046654908354,1.2098766896820239,1.9714296392029294,1.3244369270840581
672,2.75,2.75,1.5,4,0.5118541525282228,0.965210390414591,1.7239814958039643,1.1575380276867988
673,2.75,3.25,1.5,4,0.5312999185614347,1.2173203528686463,2.253557594529784,1.3157343432119457
674,2.75,3.75,1.5,3,0.5469015288969322,1.2783845650812817,2.3993262236660478,1.4684651746840138
675,2.75,4.25,1.5,3,0.532594119565908,1.352985284079231,2.3336775927131215,1.5709279690888565
676,2.75,4.75,1.5,3,0.5776087402198828,1.4121002780106027,2.294823556842979,1.5276121638072147
677,2.75,5.25,1.5,3,0.5133197312375695,1.4723032265882732,2.27166810614341,1.5971161052029708
678,2.75,5.75,1.5,3,0.4190206182079128,1.5376211386077945,2.224968248325151,1.7076340232021967
679,2.75,6.25,1.5,3,0.41466881871582634,1.613554977316373,2.166909736912851,1.7804621748137268
680,2.75,6.75,1.5,3,0.39345401182790457,1.6067265336023495,2.192868769137927,1.6977153294233593
681,2.75,7.25,1.5,3,0.36427019035787683,1.5757345677140082,2.170972100348227,1.639164879229058
682,2.75,7.75,1.5,3,0.38996363299244863,1.5010336141195069,2.1972931506133992,1.5743055886274562
683,2.75,8.25,1.5,3,0.39042859120597057,1.466517495697501,2.1640049426817,1.553952636522372
684,2.75,8.75,1.5,1,0.39929086193658897,1.513396960191879,2.107993663873247,1.5101984782922833
685,3.25,0.25,1.5,2,0.4631247718998454,1.3450204406725164,2.2691665628950206,1.4667741859046
686,3.25,0.75,1.5,2,0.45148916353462376,1.3959721608409186,2.2897155403629332,1.5259180867502449
687,3.25,1.25,1.5,2,0.4773248785969038,1.263966742737708,2.1685383192076455,1.3154335066954634
688,3.25,1.75,1.5,4,0.41744466522850565,1.1009217866258663,1.8623789207594141,1.1858009162109662
689,3.25,2.25,1.5,2,0.4560680674864821,1.3671921085846628,2.2088373462680484,1.4525168788999767
690,3.25,2.75,1.5,4,0.48702539243116455,1.2028159874101376,2.0737548834684283,1.3063220476095738
691,3.25,3.25,1.5,4,0.46445509462566037,1.1406569548080745,1.971201189825094,1.3089428536625791
692,3.25,3.75,1.5,3,0.5947309879553534,1.2440982805705536,2.268274710620385,1.4379259688155086
693,3.25,4.25,1.5,3,0.5576510410406078,1.428739285200594,2.2888313385049965,1.5889331272037532
694,3.25,4.75,1.5,3,0.575500977029167,1.4503164081757822,2.2508192862054237,1.5437335643955266
695,3.25,5.25,1.5,3,0.5516045994739067,1.449967088206931,2.227012695796857,1.5653755534007379
696,3.25,5.75,1.5,3,0.4678422663481154,1.5175007853829372,2.219844264902207,1.6061760097774789
697,3.25,6.25,1.5,3,0.4093017107304854,1.5629848683131882,2.1871521675990406,1.6459999169830408
698,3.25,6.75,1.5,3,0.40705863163886313,1.587493958994635,2.1600926214510703,1.6913446223432627
699,3.25,7.25,1.5,3,0.3661311226163686,1.5985704417236923,2.1293438529495305,1.6391053068887032
700,3.25,7.75,1.5,3,0.4040346031213901,1.606188413811299,2.2232238116220575,1.623493387977998
701,3.25,8.25,1.5,1,0.3869336734706373,1.5072353025296006,2.1573301154954954,1.4697341415618326
702,3.25,8.75,1.5,1,0.38196939206940955,1.496198985636604,2.101314281274164,1.4654874305023347
703,3.75,0.25,1.5,2,0.5189073502997098,1.339258418105604,2.300910130731356,1.4224039927988756
704,3.75,0.75,1.5,2,0.4741104193243174,1.3610926294900019,2.328653103837643,1.4728400871982692
705,3.75,1.25,1.5,2,0.492216116964772,1.3260955526540714,2.2429075702814294,1.3627755943167967
706,3.75,1.75,1.5,4,0.4323305715043409,1.129541809223197,2.007987377754956,1.1968646410943988
707,3.75,2.25,1.5,2,0.4410191963761074,1.422390617654794,2.1648341688714874,1.4544563668108719
708,3.75,2.75,1.5,2,0.4920609184034149,1.3737065974946783,2.2701502583425417,1.3728170913985114
709,3.75,3.25,1.5,2,0.42075938901814847,1.3225741092438155,2.163252691447667,1.3343805584613628
710,3.75,3.75,1.5,2,0.49988949080253375,1.2823054482788232,2.0843669527807864,1.3760418480024885
711,3.75,4.25,1.5,3,0.574194766354094,1.3682898444261231,2.2454843798602577,1.4734213203637678
712,3.75,4.75,1.5,2,0.49106453315077253,1.4548018972182242,2.2743317587118668,1.4764036890296328
713,3.75,5.25,1.5,3,0.45509117539716054,1.5041789902280467,2.2658295753438837,1.4479806887973905
714,3.75,5.75,1.5,3,0.4478667358469295,1.5314901285078066,2.2317541371821568,1.4336863522734744
715,3.75,6.25,1.5,3,0.4681576947093792,1.5386611717984329,2.2162045462422895,1.419063504581945
716,3.75,6.75,1.5,3,0.4629844380654432,1.5557457750131705,2.1922930128963922,1.4222113126381797
717,3.75,7.25,1.5,3,0.4548033807201203,1.5757929243363447,2.1815798727913993,1.4274569683415606
718,3.75,7.75,1.5,3,0.44170548826642914,1.5521930745477974,2.183882437708302,1.4288470605240051
719,3.75,8.25,1.5,1,0.4100151019397069,1.5057684387269954,2.1268583604631695,1.4303164898128307
720,3.75,8.75,1.5,1,0.36640760553684126,1.4346431137034414,2.0744182816538426,1.4769584907103137
721,4.25,0.25,1.5,2,0.5363745349855811,1.3119287889840496,2.324515754417918,1.381872146081348
722,4.25,0.75,1.5,2,0.4792665972266964,1.3099228338946556,2.3755432505741587,1.405315409057047
723,4.25,1.25,1.5,2,0.4793963423184535,1.3175599439306551,2.303996345168907,1.3784931988409426
724,4.25,1.75,1.5,4,0.4658057839518546,1.1958752868247058,2.190653304786838,1.2109825477794403
725,4.25,2.25,1.5,2,0.44553055061129826,1.370770181717836,2.210768392239515,1.4022409790089105
726,4.25,2.75,1.5,2,0.4860526690135466,1.4518898110356244,2.2714946539086793,1.3635310377575944
727,4.25,3.25,1.5,2,0.43625152971752923,1.4173167519814065,2.291426808795054,1.3404886334269555
728,4.25,3.75,1.5,2,0.40136894622808084,1.41077364970117,2.214911788643003,1.322321256194245
729,4.25,4.25,1.5,2,0.508397552968625,1.3938733759989677,2.167101085549727,1.3647581185758313
730,4.25,4.75,1.5,2,0.5143005267215777,1.4097397085156815,2.2075858371563086,1.4133656225135778
731,4.25,5.25,1.5,3,0.4344502095264845,1.517651113744087,2.2428698286660547,1.4597629712675548
732,4.25,5.75,1.5,3,0.4159192495821572,1.600317777882562,2.235671800822994,1.4715850916516537
733,4.25,6.25,1.5,3,0.44549775881311343,1.6148941817975622,2.180907340239962,1.4777897260291555
734,4.25,6.75,1.5,3,0.4542958222024679,1.6249760225804852,2.1547017661896226,1.4614233113866182
735,4.25,7.25,1.5,3,0.4530544811040844,1.646457622987598,2.1726965982497126,1.43485339283677
736,4.25,7.75,1.5,3,0.4485510245589758,1.626090280249372,2.1859632069423784,1.3997564796937882
737,4.25,8.25,1.5,1,0.40626574636560475,1.515262469076698,2.128218000885317,1.3738991893189783
738,4.25,8.75,1.5,1,0.37145975762284816,1.4072698215392052,2.065780097758126,1.4720717070619889
739,4.75,0.25,1.5,2,0.5663694947271107,1.3047152337020727,2.3212874689878986,1.3547525107479843
740,4.75,0.75,1.5,2,0.4775543155504957,1.2904890497397887,2.409946285359269,1.3549944408719017
741,4.75,1.25,1.5,2,0.47308009630925524,1.2904589563262077,2.3588217017885538,1.3668904501763355
742,4.75,1.75,1.5,4,0.5041759443079444,1.2357611939797386,2.26561617709458,1.2242552245436609
743,4.75,2.25,1.5,2,0.4800840240254392,1.326866927257728,2.2599130404715955,1.300192755817777
744,4.75,2.75,1.5,2,0.4738822564191824,1.437029398681737,2.2705493378102894,1.3636912788153122
745,4.75,3.25,1.5,2,0.4572343634034454,1.4423660057759475,2.32117403633558,1.331518362842456
746,4.75,3.75,1.5,2,0.4159458924458282,1.4465381454437718,2.272036194915959,1.3409122605214077
747,4.75,4.25,1.5,2,0.45807417916664256,1.417256512320613,2.1989319280897166,1.32737429193453
748,4.75,4.75,1.5,2,0.5639938279500365,1.3996656059012196,2.1982577359679123,1.3149305546848087
749,4.75,5.25,1.5,2,0.5238514473285574,1.406074197933816,2.22253210267497,1.3400074068364958
750,4.75,5.75,1.5,3,0.42196403365811536,1.578591093586582,2.227155301052603,1.4452124243723021
751,4.75,6.25,1.5,3,0.42974700543610656,1.659786007973976,2.15990419721365,1.4767467251177997
752,4.75,6.75,1.5,3,0.43136546017384997,1.7112007550782342,2.1437810914204953,1.4594145107673064
753,4.75,7.25,1.5,3,0.4299531968475473,1.7514162683351064,2.1676299494905904,1.4219579106595115
754,4.75,7.75,1.5,3,0.43635440415200355,1.709117819874144,2.1760006743235474,1.4019655005911902
755,4.75,8.25,1.5,1,0.39018800203590287,1.5540527693608792,2.124290676771783,1.373641469031994
756,4.75,8.75,1.5,1,0.3710511725703015,1.4267186176379587,2.0734868390751404,1.4422427043734163
757,5.25,0.25,1.5,2,0.5951533823294171,1.2996140571021217,2.303278757854656,1.32575528614578
758,5.25,0.75,1.5,2,0.47866048747121737,1.2958140658668131,2.434107433516172,1.3237532696459542
759,5.25,1.25,1.5,2,0.49267427684604487,1.2723054506959508,2.4350920307988098,1.3295282296831572
760,5.25,1.75,1.5,2,0.5270272805940629,1.2878929309890241,2.28506971326892,1.2562300833130908
761,5.25,2.25,1.5,2,0.5345928561400587,1.358628039172822,2.2762463833861584,1.265973480319735
762,5.25,2.75,1.5,2,0.4618143437538482,1.4298889525969065,2.2656975132366326,1.3595423411612138
763,5.25,3.25,1.5,2,0.4514417569274224,1.4449109961578197,2.2924861867624418,1.3761771635056739
764,5.25,3.75,1.5,2,0.4345031378276179,1.4538380053046038,2.2856102317819516,1.3748383822862904
765,5.25,4.25,1.5,2,0.437569203377936,1.414510004607381,2.230023625224327,1.3620447501961859
766,5.25,4.75,1.5,2,0.500519768746852,1.3655158784686816,2.207221615235523,1.328181438865841
767,5.25,5.25,1.5,2,0.5381277909717933,1.310560537896498,2.2088135831330415,1.264149325347192
768,5.25,5.75,1.5,3,0.42419901608767446,1.565216026630675,2.171352172322208,1.385001142461852
769,5.25,6.25,1.5,1,0.3896146124497639,1.6631024049723968,2.149117576595206,1.389241677996384
770,5.25,6.75,1.5,1,0.3901644854554047,1.7582461322871419,2.1490264246301556,1.3802315892290749
771,5.25,7.25,1.5,1,0.39579471850845266,1.7920257974850125,2.1592194324811627,1.380358920690858
772,5.25,7.75,1.5,1,0.40810639688605704,1.746689398964545,2.153029079203097,1.4007716650455635
773,5.25,8.25,1.5,1,0.3727934340224638,1.5984682907749865,2.095702207484521,1.395144238646909
774,5.25,8.75,1.5,1,0.36252151731315546,1.4653679473218584,2.0440451237338064,1.4252476654735304
775,5.75,0.25,1.5,2,0.6160101754959221,1.2862520290806587,2.292675798553776,1.299198438327569
776,5.75,0.75,1.5,2,0.49606975709591244,1.2899290840624158,2.424026923417694,1.3024003510121112
777,5.75,1.25,1.5,2,0.5075082567755922,1.2647299001156873,2.466073031132622,1.3084899259946041
778,5.75,1.75,1.5,2,0.5150027993775808,1.2916608967590661,2.3141333697164597,1.2789081017008928
779,5.75,2.25,1.5,2,0.5246431892124811,1.3724111466035178,2.284657783565123,1.283328179938731
780,5.75,2.75,1.5,2,0.455157930014202,1.4084464659500844,2.265651225074208,1.3432095794714136
781,5.75,3.25,1.5,2,0.42852447521371545,1.424123400431441,2.251116660156727,1.3851147877166137
782,5.75,3.75,1.5,2,0.4199012185943509,1.4035041901514973,2.2408057500374077,1.3859898729229834
783,5.75,4.25,1.5,2,0.4396095864336753,1.3600176573096132,2.20707950556359,1.3524689809318422
784,5.75,4.75,1.5,4,0.46605103998015757,1.3123462309568998,2.20036375037253,1.3097725334265145
785,5.75,5.25,1.5,2,0.5265767005686405,1.2507422187623367,2.199482068718402,1.2522806744743762
786,5.75,5.75,1.5,1,0.3899393939584833,1.84826121085986,2.0818472596216266,1.32877012901586
787,5.75,6.25,1.5,1,0.3900378511607142,1.7385078670690086,2.0608088687832966,1.279766559488484
788,5.75,6.75,1.5,1,0.38908271900713287,1.7512417909757605,2.087151659596436,1.3046425440353933
789,5.75,7.25,1.5,1,0.37697250034504526,1.7794259449877388,2.1016049879319874,1.3271696603151042
790,5.75,7.75,1.5,1,0.39356758491921395,1.7652985507137786,2.1040420339969015,1.3659543874388236
791,5.75,8.25,1.5,1,0.3699856721824118,1.6595636843212087,2.0398225698371197,1.3950360687776069
792,5.75,8.75,1.5,1,0.364243459097934,1.5252823909306912,2.0120909324200005,1.4429043844820577
793,6.25,0.25,1.5,2,0.638806615244406,1.2753324888404993,2.2615265798603996,1.2644864994262295
794,6.25,0.75,1.5,2,0.5084706880421564,1.2742390306210118,2.3861799619951904,1.267981646718131
795,6.25,1.25,1.5,2,0.4995962017779006,1.2378934815716751,2.4385802763785613,1.2731014063956996
796,6.25,1.75,1.5,2,0.48614250455181196,1.2533609210862773,2.332906324754755,1.298394608351441
797,6.25,2.25,1.5,2,0.4900726105385664,1.3358322636161855,2.250435388018338,1.3258301624884667
798,6.25,2.75,1.5,2,0.4472703221376519,1.3598908861103476,2.2478238406047524,1.340440661517142
799,6.25,3.25,1.5,4,0.41598260767547957,1.329993223077412,2.1918863252092127,1.3210994791501358
800,6.25,3.75,1.5,4,0.4032204598550297,1.2918437786036878,2.1542419666516732,1.3105970025570841
801,6.25,4.25,1.5,4,0.4284124681161159,1.2735377074350047,2.1565371521189816,1.2886455254865903
802,6.25,4.75,1.5,4,0.46044325187021234,1.2430987976914616,2.1879096875118185,1.2633421645210594
803,6.25,5.25,1.5,2,0.5209406428306714,1.2185859095394005,2.183311581662809,1.233752005359062
804,6.25,5.75,1.5,1,0.40053189249279647,1.8984496654465497,2.0928668942656934,1.345858031995209
805,6.25,6.25,1.5,1,0.39100713541769305,1.9542658554868968,2.0151252425077537,1.297766022574192
806,6.25,6.75,1.5,1,0.35383736654449865,1.9625373603285567,2.023848352271541,1.2595669023132594
807,6.25,7.25,1.5,1,0.3088191274131984,1.870894340447729,2.0113137668043146,1.2732520441821205
808,6.25,7.75,1.5,1,0.3750684094266271,1.818889859758285,2.0386687302202207,1.3394543625130126
809,6.25,8.25,1.5,1,0.36552142792747616,1.7533910296185586,1.9754064500514792,1.3864910439993483
810,6.25,8.75,1.5,1,0.363984628906229,1.6130405164772863,1.97756126493374,1.4632738288743787
811,6.75,0.25,1.5,2,0.6285401745161296,1.2857077686455582,2.2384858464187802,1.2149236363191978
812,6.75,0.75,1.5,2,0.5137708422745754,1.2681128410212448,2.3836955556405153,1.242788513999664
813,6.75,1.25,1.5,2,0.5030989240149994,1.2234366001315595,2.450253272379265,1.246844207528439
814,6.75,1.75,1.5,2,0.4976256707570715,1.2365245793296327,2.3859590401506843,1.291556903663783
815,6.75,2.25,1.5,2,0.511490180791849,1.308012982024737,2.2868269112033213,1.3478235426994951
816,6.75,2.75,1.5,2,0.505369776410977,1.3113603208232898,2.2545955857170394,1.3052705421208237
817,6.75,3.25,1.5,4,0.48522094177836145,1.225339337743609,2.1490716501744376,1.1939780790052643
818,6.75,3.75,1.5,4,0.4618113662108585,1.2207437833079282,2.0955089786164374,1.2229600254607502
819,6.75,4.25,1.5,4,0.47059291970676315,1.2029969495755177,2.0836322307190427,1.2244068615862793
820,6.75,4.75,1.5,2,0.49909091585161025,1.1778602725427596,2.1340377350763946,1.2138279231635825
821,6.75,5.25,1.5,2,0.5245216168877253,1.160508536384897,2.1510838526670875,1.1904484283845245
822,6.75,5.75,1.5,1,0.4145037480683869,1.9418322788398301,2.0905282511089944,1.3941702953910546
823,6.75,6.25,1.5,1,0.4374546596911426,2.0890453618701987,2.0675732968853877,1.3401632948455962
824,6.75,6.75,1.5,1,0.4778745825301114,3.001634482531511,2.1157740830974725,1.4965221333716985
825,6.75,7.25,1.5,1,0.353757286585109,2.189865448325848,1.9778995467986815,1.2984521153259672
826,6.75,7.75,1.5,1,0.36743231086435013,2.1282967731783664,2.0129817078911074,1.297542791255726
827,6.75,8.25,1.5,1,0.35773780356518886,1.979213717102856,1.9316028749429768,1.326870605024759
828,6.75,8.75,1.5,1,0.3523729143708812,1.7508402845132132,1.9529946686139303,1.4722961446068241
829,7.25,0.25,1.5,2,0.588167355056335,1.2926713664951741,2.2616690828300605,1.1942787830165793
830,7.25,0.75,1.5,2,0.5062321168203533,1.2795361241952616,2.4140328620593787,1.2326297817676986
831,7.25,1.25,1.5,2,0.5034051784246565,1.2275806073895206,2.5339523227973313,1.2457381190529944
832,7.25,1.75,1.5,2,0.49285046414345646,1.2132794385765429,2.550857146090969,1.2859446999167887
833,7.25,2.25,1.5,2,0.5034828350859375,1.2502814146733132,2.5108167645942707,1.3466384797360322
834,7.25,2.75,1.5,2,0.5277100344241302,1.2629547720519485,2.524412232884265,1.3376519440642551
835,7.25,3.25,1.5,2,0.5421876122158904,1.2042568637740174,2.7044111757800464,1.2300223286778922
836,7.25,3.75,1.5,2,0.5290358320859795,1.181075043432246,3.2338028501575096,1.1051294956399051
837,7.25,4.25,1.5,2,0.5243545118247218,1.1531583608864049,3.392742821327172,1.1257445155605448
838,7.25,4.75,1.5,2,0.5191484345071629,1.0870706250638478,3.783068855523566,1.0918212069761493
839,7.25,5.25,1.5,2,0.6047162719243842,1.1421511172123449,3.2102608088998115,1.1847527958674422
840,7.25,5.75,1.5,1,0.43844660636397215,2.005417985346962,2.102766917663923,1.431318930959572
841,7.25,6.25,1.5,1,0.4275940818681587,2.0619505152460844,2.102099338971109,1.3763514800546697
842,7.25,6.75,1.5,1,0.41737520645624776,3.0795969945892363,2.019796076108749,1.6114083237653773
843,7.25,7.25,1.5,1,0.3748729894393344,2.478887141538374,2.053854641223272,1.307684104686878
844,7.25,7.75,1.5,1,0.3460057677158304,2.420853274990926,2.036511012642798,1.3178360048099986
845,7.25,8.25,1.5,1,0.3120001814108167,2.2095476590188534,1.9758973915981244,1.3526030776793136
846,7.25,8.75,1.5,1,0.33134145088339173,1.9245939281355569,1.925105424087369,1.4468039448134427
847,7.75,0.25,1.5,2,0.5406481049460878,1.2778426134634295,2.2729279608953616,1.190318544411624
848,7.75,0.75,1.5,2,0.4938195129077218,1.2887077858648928,2.449867023452611,1.2286005554977615
849,7.75,1.25,1.5,2,0.49916464777839636,1.227578882889839,2.61920916818357,1.2387464508334767
850,7.75,1.75,1.5,2,0.5009937777902113,1.1987498921128115,2.689608095041051,1.2641488722523386
851,7.75,2.25,1.5,2,0.5091078042005908,1.225947901964974,2.6475495998344,1.3136529534793597
852,7.75,2.75,1.5,2,0.539182492748727,1.2331521111139785,2.652325669183389,1.3165995082786834
853,7.75,3.25,1.5,2,0.5747430141221528,1.2102337494085484,2.8541416944304907,1.2154469047274485
854,7.75,5.25,1.5,2,0.5417103196369193,1.1187841318704699,3.4834722716195676,1.1422193032358092
855,7.75,5.75,1.5,1,0.43053970703320593,2.0035367149185803,2.103481868037723,1.4223395006963793
856,7.75,6.25,1.5,1,0.4237044236955902,2.086830857928169,2.108442122376741,1.389055540868146
857,7.75,6.75,1.5,1,0.17652515331191845,3.4324528210252847,2.231089045274886,1.5769074336439637
858,7.75,7.25,1.5,1,0.40252114240768877,2.7431440880339024,2.0304929359772834,1.2980331716647668
859,7.75,7.75,1.5,1,0.26367351520902144,2.722325249740354,2.0362841485869327,1.4262607756690073
860,7.75,8.25,1.5,1,0.3112666337458724,2.3125622635701046,1.9688732016041137,1.367763100804117
861,7.75,8.75,1.5,1,0.32870992925671383,2.102783500185055,1.9110047971887993,1.4122288076266833
862,8.25,0.25,1.5,2,0.5242947549506296,1.2690697841906085,2.282199790220764,1.1966802566457289
863,8.25,0.75,1.5,2,0.48903558099017974,1.280385750345214,2.4533355676501976,1.2216969321210018
864,8.25,1.25,1.5,2,0.4925856638109953,1.2199474126084553,2.62313496513451,1.2174202945111785
865,8.25,1.75,1.5,2,0.4998407550553877,1.1799171749227626,2.70969722403207,1.2187682184822528
866,8.25,2.25,1.5,2,0.5126053727865194,1.1971460051564051,2.6781711800053403,1.2635818749592282
867,8.25,2.75,1.5,2,0.5339617038365568,1.206170285512935,2.664150247302312,1.2873199263797115
868,8.25,3.25,1.5,2,0.5492350663622945,1.169985393185556,2.6912592729547726,1.2092187974637825
869,8.25,5.25,1.5,2,0.5527265631193017,1.1184694027916329,3.520087203007617,1.1333855418844372
870,8.25,5.75,1.5,1,0.3733568708347733,1.9813012192151425,2.0294454899899175,1.4260480424203545
871,8.25,6.25,1.5,1,0.44184579471925994,2.173539027981258,2.060329941654817,1.4079317196786243
872,8.25,6.75,1.5,1,0.2474443611264,3.5848569406633217,2.065412688966056,1.513994633584327
873,8.25,7.25,1.5,1,0.4413945096633549,3.060593890722138,2.003673541910884,1.4318600568728135
874,8.25,7.75,1.5,1,0.21059571206628025,3.0525776212449536,2.052899083602315,1.4395200955969467
875,8.25,8.25,1.5,1,0.3808790230393059,2.320114982459396,1.967442728569607,1.370262049168019
876,8.25,8.75,1.5,1,0.370660980333387,2.225181196383821,1.9381769826672008,1.3857259351966755
877,8.75,0.25,1.5,2,0.5073088694030294,1.259953483235442,2.253260689127297,1.198121289815218
878,8.75,0.75,1.5,2,0.4875982975419278,1.2624602854630484,2.3963806448907645,1.2094698685470529
879,8.75,1.25,1.5,2,0.48411287971165873,1.2104208241768717,2.5408460021330876,1.2045783116659818
880,8.75,1.75,1.5,2,0.4909848362193522,1.1737367320322576,2.646646096040498,1.196668824447966
881,8.75,2.25,1.5,2,0.5148104362681936,1.1830299417653134,2.6627233721345727,1.2139660357853295
882,8.75,2.75,1.5,2,0.5424353094424504,1.186941893616866,2.638404036153777,1.2444630467055278
883,8.75,3.25,1.5,2,0.5503134783901111,1.15526300995257,2.635039767147659,1.2109932871217828
884,8.75,5.25,1.5,2,0.5465923156438496,1.14572106279161,3.393510090058663,1.1457342292786905
885,8.75,5.75,1.5,1,0.32592890272826935,1.9599978970860512,2.004176941448175,1.4227495331715143
886,8.75,6.25,1.5,1,0.5426164941728687,2.4100403422763765,1.9747565625951478,1.4039043059488105
887,8.75,6.75,1.5,1,0.5379408036743362,3.8556414429824923,1.6557435691237872,1.3748532213315097
888,8.75,7.25,1.5,1,0.5208374701125321,3.457893769238218,1.9600089567876047,1.3014663086014775
889,8.75,7.75,1.5,1,0.32689665019377573,3.3443372133822784,2.12483810806629,1.3776163341338041
890,8.75,8.25,1.5,1,0.40598012549142193,2.2443792521121493,1.9624357538044286,1.3570891466322328
891,8.75,8.75,1.5,1,0.41367534424144636,2.2373293736792546,1.9874621942402997,1.3826102538455838
892,9.25,0.25,1.5,2,0.5010199812913281,1.2397750648397419,2.216025938116586,1.188422925963944
893,9.25,0.75,1.5,2,0.493091924451352,1.243529555368309,2.3089801208580756,1.2008458628743877
894,9.25,1.25,1.5,2,0.5046629676082343,1.220194719234221,2.4058356407241854,1.2004758305185903
895,9.25,1.75,1.5,2,0.5103677651481575,1.2012794175632406,2.4903414962625003,1.1933991734433937
896,9.25,2.25,1.5,2,0.5263957462838148,1.2024103778593571,2.543784745556802,1.1949193046292041
897,9.25,2.75,1.5,2,0.5457666327397549,1.1904160400887684,2.5539478938190197,1.21505271698285
898,9.25,3.25,1.5,2,0.5424682112396498,1.1537416418057176,2.617520749553619,1.2024223576851876
899,9.25,5.25,1.5,2,0.527439573005536,1.1418748692835508,3.339410223186864,1.1191458396725111
900,9.25,5.75,1.5,1,0.32069976370329994,1.9829237508384892,2.023130615770996,1.4454721130497674
901,9.25,6.25,1.5,1,0.38729274977697403,2.303964302804952,1.9594300272565446,1.3897882256358025
902,9.25,6.75,1.5,1,0.3904886624241507,2.39305206132541,1.9799185549593112,1.3236280734972894
903,9.25,7.25,1.5,1,0.3879667208354465,2.6864168152270236,1.8850514765114472,1.3316193077710303
904,9.25,7.75,1.5,1,0.4496518471621552,3.1714984215164272,1.775835953579087,1.3926200311027017
905,9.25,8.25,1.5,1,0.3899580707855619,2.16995962875498,1.955781585777304,1.3266047698056844
906,9.25,8.75,1.5,1,0.3853861644141427,2.2024914328542877,1.983976512338595,1.349964492126395
907,9.75,0.25,1.5,2,0.5201048718649678,1.2354016486923993,2.1651770451747803,1.1922455175153517
908,9.75,0.75,1.5,2,0.5237733481725967,1.2385086330858273,2.217074764111409,1.1926786424391052
909,9.75,1.25,1.5,2,0.5405018568008412,1.2328243152407696,2.251446110328376,1.1926841075522616
910,9.75,1.75,1.5,2,0.5531833343678223,1.2210549352306799,2.28214937378508,1.1940432645138166
911,9.75,2.25,1.5,2,0.5654615701907252,1.2067187657246117,2.308818050245859,1.202116484192588
912,9.75,2.75,1.5,2,0.5586780769209454,1.1933525997043546,2.3773747272007784,1.2084760207195373
913,9.75,3.25,1.5,2,0.5249497424979128,1.1764278444007477,2.5015823148129273,1.188742344755698
914,9.75,3.75,1.5,2,0.533076024969065,1.1815457624159733,2.7701458671536874,1.1977097837531472
915,9.75,4.25,1.5,2,0.5386883165505154,1.1758046868984857,2.9136638773500945,1.1865237973476057
916,9.75,4.75,1.5,2,0.5339072076992035,1.1619891545756054,3.0291529639324897,1.1535508187071244
917,9.75,5.25,1.5,2,0.5389556383311884,1.1569277205914612,2.7995471947994193,1.1383113717541677
918,9.75,5.75,1.5,1,0.3172443799924312,2.0146324380720215,2.0294430962174443,1.4691361132359164
919,9.75,6.25,1.5,1,0.4045716614852708,2.3663615197969023,2.0093822617015165,1.4514417813575955
920,9.75,6.75,1.5,1,0.4046375257794019,2.3555217742174093,1.9715218079957146,1.4214069050610993
921,9.75,7.25,1.5,1,0.36321176100335195,2.1937188578269318,1.9426827887314861,1.4079791107040367
922,9.75,7.75,1.5,1,0.33195017249690867,1.9663857909964586,1.9659238217221526,1.3829234097299639
923,9.75,8.25,1.5,1,0.3307882810618275,1.8120477637923371,2.0397744771408504,1.3679108041531578
924,9.75,8.75,1.5,1,0.3323583672035575,1.794409893927877,2.0703353449229946,1.3755494109473838
925,0.25,0.25,2.0,2,0.5259775579400285,1.5970439544373785,2.845015720607942,1.4936802437106078
926,0.25,0.75,2.0,2,0.48211816308747707,1.445954821944384,3.0902523477288186,1.3243615565507112
927,0.25,1.25,2.0,2,0.5288035619879895,1.3809636658758833,3.193059820332512,1.2747484159350364
928,0.25,1.75,2.0,2,0.6061989503766531,1.3184740776954436,3.2047502584509977,1.194802124234697
929,0.25,2.25,2.0,2,0.6192329206303103,1.2907049929699588,3.128214296378739,1.1986114456291446
930,0.25,2.75,2.0,2,0.5498675994851964,1.3069933520217385,2.9773089370542025,1.2384749226144733
931,0.25,3.25,2.0,2,0.5279078435385018,1.356023489516384,2.7659638101521833,1.3007380828014246
932,0.25,3.75,2.0,2,0.5103484098318767,1.4533145287955187,2.5981595229542425,1.3665737709942776
933,0.25,4.25,2.0,2,0.5183326385794241,1.5636803945517184,2.546407708969298,1.4171392911358198
934,0.25,4.75,2.0,3,0.5139449436596212,1.645904402767259,2.4943146820248248,1.4849424957642618
935,0.25,5.25,2.0,3,0.5333797639236999,1.7296306740199958,2.4353613841437904,1.5269654845014755
936,0.25,5.75,2.0,3,0.5233552571607515,1.7815325725616291,2.3682186222706254,1.5532008351715325
937,0.25,6.25,2.0,3,0.534135143870426,1.791627391290317,2.329095627896918,1.5762015717962983
938,0.25,6.75,2.0,3,0.5439949544400069,1.7468638117945696,2.2713068674363734,1.6134255761214937
939,0.25,7.25,2.0,3,0.5433635446953535,1.7598008489820243,2.2509471853182452,1.6370867293060452
940,0.25,7.75,2.0,3,0.5347136697033793,1.796227147260339,2.2383720680789243,1.644214464848111
941,0.25,8.25,2.0,3,0.5441483213135642,1.8157833182293803,2.247461910324955,1.6275627008900346
942,0.25,8.75,2.0,3,0.5676366193704153,1.7945275377042547,2.2801802953832806,1.597137261961154
943,0.75,0.25,2.0,2,0.5096983874131003,1.6387248095368914,2.7325240897304526,1.4242540244694322
944,0.75,0.75,2.0,2,0.46325220025081737,1.5020475977150063,2.953658363393199,1.3193013711345392
945,0.75,1.75,2.0,2,0.537331982007257,1.4069994685019889,3.0699474714429065,1.3053642547877153
946,0.75,2.25,2.0,2,0.6051623123963485,1.3779522446863268,3.04875847887737,1.2399276181840155
947,0.75,2.75,2.0,2,0.5713409047226382,1.3749036771011285,2.9087379451078554,1.2500031676703431
948,0.75,3.25,2.0,2,0.47817891422832653,1.3906108720720045,2.692955125975005,1.3180491451343348
949,0.75,3.75,2.0,2,0.45965346761211723,1.462100775276093,2.535659679835743,1.4379842276660462
950,0.75,4.25,2.0,2,0.49519553167836455,1.5449943748112052,2.517141945768693,1.4985965561553298
951,0.75,4.75,2.0,3,0.5126928727473886,1.6084420209719474,2.49537418301211,1.543317971713676
952,0.75,5.25,2.0,3,0.5155146089655844,1.673744188937474,2.4319520551418745,1.5553034990493615
953,0.75,5.75,2.0,3,0.5139166817437089,1.6969404911480337,2.375706620024186,1.5655408907856991
954,0.75,6.25,2.0,3,0.5061129832664629,1.7217141545338508,2.3408764245323073,1.5599108178089545
955,0.75,6.75,2.0,3,0.4992155551832544,1.6881586214188926,2.284463476299299,1.5644568373288024
956,0.75,7.25,2.0,3,0.5008257691044283,1.6623802797157272,2.2628795104393844,1.5979463650208598
957,0.75,7.75,2.0,3,0.49639526331804845,1.6557981196699427,2.254394392703924,1.6202182405788594
958,0.75,8.25,2.0,3,0.5003798691699175,1.695691961608974,2.2447713619217997,1.614200157711149
959,0.75,8.75,2.0,3,0.5131010532280292,1.6825113406719838,2.269657467718372,1.590082479406755
960,1.25,0.25,2.0,2,0.4818646573813996,1.6304733957418147,2.603224883817913,1.470331315524654
961,1.25,1.75,2.0,2,0.3837277302552322,1.4058516191816077,2.889923401754475,1.3818148541898994
962,1.25,2.25,2.0,2,0.43584588323648776,1.295850111980037,2.7627864596971556,1.1210862974124485
963,1.25,2.75,2.0,2,0.5045925237277411,1.3456810249318567,2.6581508008171606,1.1514120638719527
964,1.25,3.25,2.0,2,0.5014445653582029,1.4229795073016067,2.5741110888724905,1.3060362948433135
965,1.25,3.75,2.0,2,0.43533274571955455,1.421337198855822,2.4699529202188715,1.536859407415537
966,1.25,4.25,2.0,3,0.5275639432470475,1.5301299651073275,2.5220501577755123,1.573021482282081
967,1.25,4.75,2.0,3,0.5584474075137481,1.6081867095207916,2.504669301982904,1.582708196054423
968,1.25,5.25,2.0,3,0.5446789045392476,1.66504935300599,2.457558733530249,1.5712408810404068
969,1.25,5.75,2.0,3,0.5345950543445511,1.6879210542081466,2.4028935865874868,1.564725390313421
970,1.25,6.25,2.0,3,0.5041307789668588,1.6712742139514678,2.351401982446926,1.5506959404647271
971,1.25,6.75,2.0,3,0.47906774473295166,1.6495546592997863,2.313621184167295,1.5449969591885515
972,1.25,7.25,2.0,3,0.4754013453660545,1.6414509557168488,2.3159702969931746,1.558352965532726
973,1.25,7.75,2.0,3,0.478969788832212,1.6145627959362947,2.3219862002227925,1.587222495081241
974,1.25,8.25,2.0,3,0.47038035303466286,1.608851829168183,2.2830612763879805,1.5698697458804292
975,1.25,8.75,2.0,3,0.4721351946457077,1.6419558152789362,2.2659721879837575,1.5754410431780428
976,1.75,0.25,2.0,2,0.41524200787889376,1.5969668596157842,2.4803918554748754,1.5468431838833778
977,1.75,0.75,2.0,2,0.45390695510265255,1.5584050906772167,2.5268219844939357,1.587622426183818
978,1.75,1.25,2.0,2,0.4786746949188451,1.503782976130248,2.6212333648330253,1.4976745443506347
979,1.75,1.75,2.0,2,0.3712515134901063,1.3732892966577195,2.433134001942007,1.421068240956359
980,1.75,2.25,2.0,2,0.36542837997364747,1.406850645344066,2.749370673955439,1.3800422918794388
981,1.75,2.75,2.0,2,0.4753960899475622,1.349262250113506,2.7701550391571277,1.2651252501038046
982,1.75,3.25,2.0,2,0.5325849849588503,1.3716778731921186,2.5999826123563348,1.230364049264084
983,1.75,3.75,2.0,2,0.5161315163028993,1.4700344798297567,2.494230747543071,1.4130537573936301
984,1.75,4.25,2.0,3,0.5274028567552826,1.528376865147456,2.4490257202032577,1.5557431258230894
985,1.75,4.75,2.0,3,0.5412412438535588,1.6142481796302817,2.4176634977978404,1.5909747919490749
986,1.75,5.25,2.0,3,0.5360879228350689,1.656113884605312,2.4001434669575996,1.5875540712343021
987,1.75,5.75,2.0,3,0.532560121560047,1.6774530504699294,2.401022102980602,1.5747915869816185
988,1.75,6.25,2.0,3,0.5071481261790055,1.6732840019447217,2.3648136185946957,1.5589420798081683
989,1.75,6.75,2.0,3,0.4815357390724751,1.6634032758493227,2.31921639512246,1.5739166397947377
990,1.75,7.25,2.0,3,0.4605635929113078,1.6585415538009378,2.307240532408846,1.5718880968835935
991,1.75,7.75,2.0,3,0.42953087216322544,1.6442712104564075,2.291726459361703,1.5672772801871144
992,1.75,8.25,2.0,3,0.4612464574335434,1.6168085318694536,2.2829566332931823,1.5422537645394043
993,1.75,8.75,2.0,3,0.4490800520075291,1.647083193132539,2.258256973456626,1.561988281573596
994,2.25,0.25,2.0,2,0.40254977967297806,1.5560933459770279,2.41402327671499,1.574237226197389
995,2.25,0.75,2.0,2,0.47219365479988523,1.5600626604116468,2.4325032520224705,1.6330276656487202
996,2.25,1.25,2.0,2,0.46044976854802866,1.3146253252198872,2.1058078305814325,1.4280737721631718
997,2.25,1.75,2.0,2,0.40813424796980297,1.497596783479696,2.524604209019738,1.5085133608068098
998,2.25,2.25,2.0,2,0.2872179471585696,1.3263829167386572,2.3367782592363393,1.379600960059534
999,2.25,2.75,2.0,2,0.37466816193601876,1.4770364838795713,2.6374016521508956,1.4761327012469039
1000,2.25,3.25,2.0,2,0.4420118088347701,1.4741532062198168,2.668475691558556,1.4195036449207739
1001,2.25,3.75,2.0,2,0.5470315081228704,1.4687184858228475,2.602859033689705,1.3884996798215041
1002,2.25,4.25,2.0,3,0.6249042654726248,1.5560359778886192,2.580349489687812,1.4267812543497491
1003,2.25,4.75,2.0,3,0.6035499027722244,1.6091167072355284,2.494780088900487,1.5178301687141795
1004,2.25,5.25,2.0,3,0.5498439420258634,1.6493414804712834,2.441461878730188,1.5754631129994212
1005,2.25,5.75,2.0,3,0.5219513885357067,1.664779015847079,2.3990326462214995,1.5771574573513985
1006,2.25,6.25,2.0,3,0.4965232776854599,1.6946813663712943,2.375727196621028,1.5924041833133618
1007,2.25,6.75,2.0,3,0.47797048076009424,1.6885951117761522,2.3207161114335704,1.5951317171852786
1008,2.25,7.25,2.0,3,0.44399996244859713,1.6760026053883101,2.280409709681245,1.5790645082404073
1009,2.25,7.75,2.0,3,0.43281839431764674,1.6722077748865207,2.282610288768058,1.5515256287859598
1010,2.25,8.25,2.0,3,0.4448551928171986,1.6632641422751524,2.2802236165390313,1.5409993932515267
1011,2.25,8.75,2.0,3,0.43619043203973784,1.6854910724488623,2.2385286361522696,1.5535972426090883
1012,2.75,0.25,2.0,2,0.4156673498965662,1.503579641326338,2.389535147133599,1.5742287385808211
1013,2.75,0.75,2.0,2,0.4539182695529175,1.5348512669972025,2.426846965859006,1.6435236938513984
1014,2.75,1.25,2.0,2,0.4814468598423952,1.4045641356640597,2.1607892078427127,1.4696039467728006
1015,2.75,1.75,2.0,2,0.46440230223177426,1.5154832544755263,2.2973755236446864,1.5696925687040089
1016,2.75,2.25,2.0,2,0.3557096320710278,1.426147538142861,2.5360731337998117,1.4436202467321737
1017,2.75,2.75,2.0,2,0.29306860105699056,1.368106496505906,2.4953239124856954,1.445608544941222
1018,2.75,3.25,2.0,2,0.4134956570230581,1.4264580802365965,2.5877996188582,1.49616915452996
1019,2.75,3.75,2.0,2,0.501614992144794,1.457002889732077,2.631548451232682,1.470204965201831
1020,2.75,4.25,2.0,3,0.5760315279039449,1.5134493520566132,2.546238439131312,1.4331749315236713
1021,2.75,4.75,2.0,3,0.589502540486123,1.5784174361272527,2.4778549415808366,1.4511929483784634
1022,2.75,5.25,2.0,3,0.5501216315625336,1.633698661418023,2.4315947203470194,1.534767979458475
1023,2.75,5.75,2.0,3,0.5015471810332661,1.674644484214034,2.358653079614461,1.598329296434283
1024,2.75,6.25,2.0,3,0.496667998585923,1.7428349794083562,2.3420420507078497,1.6171561878126866
1025,2.75,6.75,2.0,3,0.47347272129966533,1.7249892987754025,2.311895390334406,1.586524327410754
1026,2.75,7.25,2.0,3,0.446818508800217,1.699758255716107,2.2744285911357327,1.5346153040419015
1027,2.75,7.75,2.0,3,0.4469591367960889,1.7072018149793033,2.27996816311246,1.495443251893119
1028,2.75,8.25,2.0,3,0.43905128064357285,1.7140885353093855,2.285688003732623,1.5063181498043996
1029,2.75,8.75,2.0,3,0.4489524260641142,1.7172380285005606,2.222982114532882,1.50075382180612
1030,3.25,0.25,2.0,2,0.4252435364105757,1.4470112544808267,2.4269254962376148,1.5869436641545076
1031,3.25,0.75,2.0,2,0.44778248623231426,1.4996230812167948,2.466674181195855,1.6238428172481938
1032,3.25,1.25,2.0,2,0.49638004305810424,1.4496750972455978,2.2998052941627876,1.4717922927893943
1033,3.25,1.75,2.0,2,0.4844445168139022,1.4981917983307016,2.2316560797622707,1.5462874240397537
1034,3.25,2.25,2.0,2,0.4682288622584809,1.5035462987165067,2.480075742644546,1.5113492231464043
1035,3.25,2.75,2.0,2,0.3471119617813667,1.438367474480273,2.5821043982982044,1.4015124221996225
1036,3.25,3.25,2.0,2,0.35291575526136704,1.3634666002994833,2.5710098548589917,1.4499606859279588
1037,3.25,3.75,2.0,2,0.4554677438829275,1.3887919259007175,2.557043171725377,1.514023158015025
1038,3.25,4.25,2.0,2,0.5040393930512209,1.4946483898733878,2.5243235010823226,1.5083868910437332
1039,3.25,4.75,2.0,3,0.5581883543291861,1.5618978715130023,2.459594992024548,1.4863059176447488
1040,3.25,5.25,2.0,3,0.5263462077880059,1.6006540148962325,2.3971772256717077,1.5363943408660057
1041,3.25,5.75,2.0,3,0.48884615828589434,1.661555575950857,2.340561989159634,1.578595069649905
1042,3.25,6.25,2.0,3,0.4684623854859403,1.7292274134129932,2.291936156119543,1.5835083470411622
1043,3.25,6.75,2.0,3,0.4490821893902786,1.767093059034869,2.269194773658543,1.5814592021421066
1044,3.25,7.25,2.0,3,0.4489447035708091,1.7671394052518643,2.255144099425966,1.518200769929052
1045,3.25,7.75,2.0,3,0.45254508212076766,1.7490119784750429,2.2696409026239945,1.4622008212857207
1046,3.25,8.25,2.0,3,0.45206715827549393,1.7210306740946049,2.2556549686629084,1.4342404470397774
1047,3.25,8.75,2.0,3,0.4659881837718706,1.7329319502012517,2.1938464069087713,1.4519385793682213
1048,3.75,0.25,2.0,2,0.4624115116455235,1.407178974813644,2.4507233853144568,1.5617409967662543
1049,3.75,0.75,2.0,2,0.45299215050599484,1.4455574661494306,2.5291402564214795,1.5686283779022983
1050,3.75,1.25,2.0,2,0.5113667704726821,1.5024270515079454,2.4277787461742797,1.48587818768001
1051,3.75,1.75,2.0,2,0.5076552269603583,1.4749578296148647,2.2675089999894813,1.4919566328474174
1052,3.75,2.25,2.0,2,0.503785243857515,1.486696508432665,2.4242839754380965,1.5290179130111528
1053,3.75,2.75,2.0,2,0.4571602366316098,1.478932448861585,2.520893429709792,1.433985575755337
1054,3.75,3.25,2.0,2,0.3757883865880308,1.4671945731094524,2.5678959965299595,1.3983125833017336
1055,3.75,3.75,2.0,2,0.4003051435455721,1.4158026505147343,2.5345937292817715,1.4580393016959743
1056,3.75,4.25,2.0,2,0.4478127488451018,1.4529599418942236,2.4856183446121225,1.5164191618315392
1057,3.75,4.75,2.0,2,0.4740437171992851,1.555922274659435,2.4183356368922784,1.537227699812783
1058,3.75,5.25,2.0,3,0.47742491043569785,1.6240759404807041,2.3324432957674643,1.5442878210430353
1059,3.75,5.75,2.0,3,0.4764123381006007,1.6866763254873265,2.2883434363920676,1.5535113136809642
1060,3.75,6.25,2.0,3,0.45540083243826657,1.7446448911877606,2.2466526339213955,1.5369031452014579
1061,3.75,6.75,2.0,3,0.4555775163642388,1.800231173107464,2.217969078832843,1.512232722673682
1062,3.75,7.25,2.0,3,0.45734052909716016,1.8423011790058639,2.2263310566176586,1.4819754574875525
1063,3.75,7.75,2.0,3,0.4550561861617505,1.8161296619980831,2.250177142173861,1.4481813739011173
1064,3.75,8.25,2.0,3,0.4615519336637529,1.747058885637291,2.242693041536892,1.4247396263726964
1065,3.75,8.75,2.0,3,0.4666009813978563,1.735442974501401,2.1980201680212024,1.446477696816614
1066,4.25,0.25,2.0,2,0.513215647814593,1.4002989430621497,2.516110633151048,1.4926247622202473
1067,4.25,0.75,2.0,2,0.48200958859413423,1.3896253527628581,2.608298163321689,1.4937345337407841
1068,4.25,1.25,2.0,2,0.4921755240827891,1.476510176471558,2.5538108319661155,1.4355766706110882
1069,4.25,1.75,2.0,2,0.523378134899391,1.425091471680871,2.3942034995157284,1.4366315498334603
1070,4.25,2.25,2.0,2,0.4934869986024541,1.45581941603818,2.4128753768688527,1.5059875254531792
1071,4.25,2.75,2.0,2,0.5010573509640711,1.4815329774125996,2.4960073943283407,1.4415341593632034
1072,4.25,3.25,2.0,2,0.45637493320633643,1.4968796190987115,2.4980223665116554,1.4023724709283856
1073,4.25,3.75,2.0,2,0.4156185403094745,1.4990002419418251,2.5066281471507863,1.4592591869946163
1074,4.25,4.25,2.0,2,0.45468877327834134,1.5030882603630524,2.4781971254837987,1.5131951883892607
1075,4.25,4.75,2.0,2,0.4302690259718286,1.5080582338470743,2.386394306397808,1.557571456112327
1076,4.25,5.25,2.0,3,0.4167663981062174,1.6228839406878484,2.31317422054807,1.594723711284452
1077,4.25,5.75,2.0,3,0.4277580703021662,1.7222994260440079,2.255320253256134,1.5865032304479494
1078,4.25,6.25,2.0,3,0.4494752885508714,1.7891664002701992,2.2187142798046935,1.5579448399616127
1079,4.25,6.75,2.0,3,0.44770733013447467,1.8609341399310846,2.199703834746636,1.5113243046959797
1080,4.25,7.25,2.0,3,0.4529591687731985,1.9196000361393322,2.215153815939091,1.4696464451125957
1081,4.25,7.75,2.0,3,0.4638492475320738,1.8941686805891993,2.2420084278268937,1.4535861262172756
1082,4.25,8.25,2.0,3,0.45551173226300185,1.8079676218726726,2.2336037985550052,1.4436601135625564
1083,4.25,8.75,2.0,3,0.4272659751485342,1.7618212287499282,2.2021978864774345,1.455606994498562
1084,4.75,0.25,2.0,2,0.5656148627906068,1.4169012867179527,2.55603465093586,1.463465691487599
1085,4.75,0.75,2.0,2,0.5027451006763152,1.3677548567221585,2.6931841990931322,1.4468039303917095
1086,4.75,1.25,2.0,2,0.49561869472322617,1.385925568044311,2.660253858973951,1.3952383700492534
1087,4.75,1.75,2.0,2,0.5244098026930474,1.4405234067495054,2.529036130535124,1.3706523856932022
1088,4.75,2.25,2.0,2,0.4943734874162203,1.4359390046730738,2.44294824375532,1.4390848138752488
1089,4.75,2.75,2.0,2,0.4773414336251131,1.4961245666649867,2.431776080695323,1.4537538012709637
1090,4.75,3.25,2.0,2,0.4976120176227005,1.4935180818711833,2.456689044667222,1.4156242527408973
1091,4.75,3.75,2.0,2,0.4550153599218766,1.5064032084970522,2.4442145676765414,1.428601857266899
1092,4.75,4.25,2.0,2,0.5010594845805361,1.4900419239319442,2.4540791976607976,1.4935351801549501
1093,4.75,4.75,2.0,2,0.5410987752853126,1.4520956474597477,2.3783658577006985,1.5136082769901973
1094,4.75,5.25,2.0,3,0.4655472249438697,1.5020445811092025,2.2730076411390057,1.549735162644048
1095,4.75,5.75,2.0,3,0.4208602315864889,1.7103127496459063,2.2589609052257673,1.5456432209130286
1096,4.75,6.25,2.0,3,0.43616174587828943,1.81306728319716,2.2330250134377256,1.524263089175007
1097,4.75,6.75,2.0,3,0.4312071782008406,1.9243085565410412,2.2429247633504166,1.4875357318726226
1098,4.75,7.25,2.0,3,0.42298438160036006,1.9874591500575074,2.243228638398846,1.4501063143750093
1099,4.75,7.75,2.0,3,0.4322870531403779,1.9585125628894626,2.226837623937575,1.4655663274045208
1100,4.75,8.25,2.0,3,0.43050057878587894,1.878785382110811,2.2061541823729427,1.4742724426966338
1101,4.75,8.75,2.0,1,0.38335040225910255,1.7846067359233304,2.153840933806779,1.4703289091983
1102,5.25,0.25,2.0,2,0.5945745959654527,1.4460897457115618,2.573439996162307,1.4264389741181487
1103,5.25,0.75,2.0,2,0.5088724758539972,1.3745929548143039,2.79534113486289,1.416602983889067
1104,5.25,1.25,2.0,2,0.5076118145496779,1.3215684889010164,2.79417040759338,1.3648064648353817
1105,5.25,1.75,2.0,2,0.5261265893686516,1.4027372747637292,2.629663926432105,1.322384685407183
1106,5.25,2.25,2.0,2,0.5283081133481715,1.4422704489154223,2.5241226207256906,1.3539030955270284
1107,5.25,2.75,2.0,2,0.4600417615868855,1.471689158105449,2.3890685568762593,1.4358117359247349
1108,5.25,3.25,2.0,2,0.45792807928529705,1.4779767966584654,2.388351028643092,1.4456289138387481
1109,5.25,3.75,2.0,2,0.4647549597229,1.465873624263301,2.3994776279370744,1.43454678411341
1110,5.25,4.25,2.0,2,0.48413830514742223,1.4551693837023871,2.402272548086654,1.4614909186232505
1111,5.25,4.75,2.0,2,0.5511053553612139,1.3842792552758472,2.384208940898531,1.4628756946394201
1112,5.25,5.25,2.0,2,0.5811523320377037,1.3894589882595674,2.3146995257333485,1.451808044970041
1113,5.25,5.75,2.0,3,0.4520114332579996,1.6829965573220207,2.2233019807802044,1.4278202631635744
1114,5.25,6.25,2.0,3,0.42576156530667064,1.831065814150742,2.24040998412802,1.4276957607877816
1115,5.25,6.75,2.0,3,0.4317730032698431,1.9537523260622742,2.2789963809577807,1.4254634395861245
1116,5.25,7.25,2.0,3,0.409706121078054,2.0033229203663203,2.256636675619016,1.4317130932549378
1117,5.25,7.75,2.0,3,0.4160585314925244,1.9887416127092967,2.1982839204842706,1.4670466712444117
1118,5.25,8.25,2.0,3,0.42593652916753255,1.9460851005628161,2.1597617102538176,1.4870698653701546
1119,5.25,8.75,2.0,1,0.39117509137628004,1.8187047578067002,2.1294618885426355,1.525957243507808
1120,5.75,0.25,2.0,2,0.6052725349244467,1.4373478678899838,2.587795426550799,1.3902459488520211
1121,5.75,0.75,2.0,2,0.5214751038682328,1.3799546682840356,2.8730199022926732,1.4145439139758986
1122,5.75,1.25,2.0,2,0.5329232159063318,1.312574820835452,2.8994901341943313,1.3637311315703973
1123,5.75,1.75,2.0,2,0.518796022800225,1.3565669277209391,2.738191817461312,1.3211492305805825
1124,5.75,2.25,2.0,2,0.5352857864198106,1.4076532080410116,2.603550613544571,1.3358484842710465
1125,5.75,2.75,2.0,2,0.49800763535618353,1.4239579588327849,2.421215149016576,1.3779572964799038
1126,5.75,3.25,2.0,2,0.4251419991460669,1.4739167111426204,2.3224549213521173,1.4667025747426519
1127,5.75,3.75,2.0,2,0.40346346598206356,1.4649579691804062,2.3139441378928294,1.4719347790543997
1128,5.75,4.25,2.0,2,0.4463629610239288,1.4321448305148017,2.3007876357662425,1.4466464532509258
1129,5.75,4.75,2.0,2,0.49131808707408964,1.3730166683162401,2.3348030107140465,1.4050988443142975
1130,5.75,5.25,2.0,2,0.5629917313812475,1.3116499976007094,2.3537456656033933,1.3526699684335348
1131,5.75,5.75,2.0,1,0.40358339672989196,2.0397207937327257,2.1034790092774243,1.2954667295104572
1132,5.75,6.25,2.0,1,0.38105204380295404,1.936948262347411,2.1439237279914005,1.2711953371500797
1133,5.75,6.75,2.0,1,0.4010526434462335,1.9586167213469665,2.170778469342892,1.328967816456834
1134,5.75,7.25,2.0,1,0.4026586683773032,2.013994891107731,2.159151107895907,1.376070262185082
1135,5.75,7.75,2.0,1,0.41459406372348095,2.0337791099093647,2.116316950521472,1.4289542311225942
1136,5.75,8.25,2.0,1,0.4285777104004049,2.0258032359362756,2.070039206319467,1.4739091112713654
1137,5.75,8.75,2.0,1,0.37878050009086467,1.922098104357868,2.058040088173307,1.5345783347483706
1138,6.25,0.25,2.0,2,0.6133801053079699,1.4252321956872378,2.625312111765404,1.368626730653825
1139,6.25,0.75,2.0,2,0.5699356147607197,1.3510467191223918,2.9491581662758692,1.3930318120676892
1140,6.25,1.25,2.0,2,0.5620782642206108,1.2991689278260565,2.977109503170758,1.3696474978568123
1141,6.25,1.75,2.0,2,0.5291907047393016,1.3200880965430604,2.8177060309836524,1.3437994096648016
1142,6.25,2.25,2.0,2,0.5231730850195203,1.343243199566916,2.637512427266093,1.3437478899931792
1143,6.25,2.75,2.0,2,0.5268628251347746,1.3836294945234668,2.4275530862315335,1.3872352888107942
1144,6.25,3.25,2.0,2,0.42850021147203066,1.451476399605558,2.236252657674353,1.4415707180824477
1145,6.25,3.75,2.0,2,0.37023704346161035,1.4330926435386901,2.195414139917807,1.4672917889089214
1146,6.25,4.25,2.0,2,0.4146334709776769,1.3839797003049743,2.1862604930495646,1.4217246762346698
1147,6.25,4.75,2.0,2,0.47816750662969126,1.328700082287712,2.239288756974013,1.3624312659447544
1148,6.25,5.25,2.0,2,0.5720324519935314,1.2728486290023775,2.3030861707633967,1.3035866952508346
1149,6.25,5.75,2.0,1,0.4273942411135414,2.1757613664933264,2.1031274892620284,1.3602496268110351
1150,6.25,6.25,2.0,1,0.40525362943130755,2.102612195263624,2.0692077478280653,1.3210629888424759
1151,6.25,6.75,2.0,1,0.3865345077224316,2.090663809948793,2.063118305321944,1.323407727236606
1152,6.25,7.25,2.0,1,0.3956392034408077,2.1107302638683176,2.0424553135657804,1.3586864693416307
1153,6.25,7.75,2.0,1,0.4109687247439789,2.134025567399953,2.028285963672933,1.3991680764682726
1154,6.25,8.25,2.0,1,0.4264766581445745,2.1525158000523845,1.984756476733828,1.4465705360880048
1155,6.25,8.75,2.0,1,0.38375463434987694,2.103465347839299,1.978736390011504,1.5041904672674233
1156,6.75,0.25,2.0,2,0.5948647193666603,1.428918850624552,2.6943550311409483,1.3526415696485814
1157,6.75,0.75,2.0,2,0.5975903039937173,1.343267441652265,3.0308073184744186,1.3614674544983414
1158,6.75,1.25,2.0,2,0.5882607545884991,1.268314060127993,3.0862644483084054,1.3515200559880582
1159,6.75,1.75,2.0,2,0.5538878738996436,1.2784284595926962,2.952973093096301,1.3559090272884944
1160,6.75,2.25,2.0,2,0.551970663025548,1.3054463902553677,2.814545820090077,1.3828798443253452
1161,6.75,2.75,2.0,2,0.5902682886126379,1.3401850957703845,2.564782691121007,1.3882182099092575
1162,6.75,3.25,2.0,2,0.5349889977039862,1.419728719539564,2.239400447259986,1.410246683087095
1163,6.75,3.75,2.0,2,0.4319056217403247,1.4143456063317708,2.1028066093244298,1.4460839934525334
1164,6.75,4.25,2.0,2,0.47078071011720896,1.3431570293467563,2.1021228804189045,1.3895789535598293
1165,6.75,4.75,2.0,2,0.5276165645242374,1.2529241905370894,2.1583713270262845,1.3033820417667326
1166,6.75,5.25,2.0,2,0.5729950253519225,1.2027441217242172,2.2046290489383895,1.2636267901172025
1167,6.75,5.75,2.0,1,0.4195552653859851,2.3872005913556236,2.0976324668086566,1.4379805692277492
1168,6.75,6.25,2.0,1,0.43490839099011236,2.2730557937279228,2.0569436712211058,1.398621737970308
1169,6.75,6.75,2.0,1,0.44393894642540427,2.4045091891353647,2.0862607482612465,1.4182463131293586
1170,6.75,7.25,2.0,1,0.43271001934580444,2.2320351607894153,2.0155456441853783,1.3860027838951736
1171,6.75,7.75,2.0,1,0.434864697777261,2.283494330829544,2.005665051904151,1.3841364849605875
1172,6.75,8.25,2.0,1,0.4455407151599512,2.3164454015260705,1.967824435580966,1.408763280180014
1173,6.75,8.75,2.0,1,0.4102091358168453,2.320481860903399,1.9645072777361632,1.480751510506482
1174,7.25,0.25,2.0,2,0.5480893888038678,1.4191808974239426,2.791315637243366,1.3384590397699123
1175,7.25,0.75,2.0,2,0.594333620502989,1.3535184161062455,3.1177666956126475,1.331567613946291
1176,7.25,1.25,2.0,2,0.5749740451950406,1.2443587612353515,3.2372433198231443,1.3326722587034898
1177,7.25,1.75,2.0,2,0.569517705512061,1.2325825641996337,3.1946469233442207,1.3747923310120234
1178,7.25,2.25,2.0,2,0.5922356502377379,1.2508565071120825,3.144556587710174,1.4068142880979173
1179,7.25,2.75,2.0,2,0.6293033009033066,1.258827386445575,3.1368182517021173,1.3705840085570842
1180,7.25,3.25,2.0,2,0.6302964194052652,1.192010770338093,3.2928694399274288,1.2660863176106227
1181,7.25,3.75,2.0,2,0.6014871447524628,1.2665132293593144,3.5741527559751765,1.1679452814548275
1182,7.25,4.25,2.0,2,0.5820668272889645,1.2343578928413803,3.627144159749124,1.2038625173040993
1183,7.25,4.75,2.0,2,0.5593478109249015,1.1507914176515768,3.9266538074090933,1.1383532333380848
1184,7.25,5.25,2.0,2,0.5590910747962596,1.177160378675529,3.805822230535618,1.1699351758828849
1185,7.25,5.75,2.0,1,0.40848393602276584,2.5945438537130086,2.1157095292739,1.4360505201788847
1186,7.25,6.25,2.0,1,0.4274323361444227,2.4463556055512914,2.0595811542882334,1.4471077232292118
1187,7.25,6.75,2.0,1,0.3978782361314136,2.5369941857654053,2.09353043630025,1.4570200402465792
1188,7.25,7.25,2.0,1,0.42059991518515305,2.4663908513629,2.039975695499254,1.4008630119979275
1189,7.25,7.75,2.0,1,0.4076294941049778,2.4293145408401293,2.0242880356974524,1.3849752896884087
1190,7.25,8.25,2.0,1,0.43550758499722186,2.4589142652271025,1.990967122159814,1.4014636976899464
1191,7.25,8.75,2.0,1,0.4694855251481808,2.5260238881329524,1.9857446731787312,1.4687601399440475
1192,7.75,0.25,2.0,2,0.5150143883720617,1.4033080965040936,2.8692628576245895,1.3157079012745312
1193,7.75,0.75,2.0,2,0.5955582451421496,1.3606392077617662,3.185145806255545,1.3077192186041828
1194,7.75,1.25,2.0,2,0.5705257792903813,1.2283200731521142,3.3271470073843594,1.2923537003629015
1195,7.75,1.75,2.0,2,0.5596398746667299,1.2024304788025377,3.3143153127107516,1.3338641164688883
1196,7.75,2.25,2.0,2,0.5892526901932296,1.2258909995963672,3.258010423937638,1.3906670516983477
1197,7.75,2.75,2.0,2,0.6279583257566039,1.2249457983302035,3.2658868878556677,1.3580533568302213
1198,7.75,3.25,2.0,2,0.617892339309006,1.199547686453759,3.306346785313342,1.2411449127596788
1199,7.75,5.25,2.0,2,0.6002266755165792,1.1945622848571795,3.873080785879378,1.2090293977315034
1200,7.75,5.75,2.0,1,0.4536930359732528,2.854341781761578,2.012406638376783,1.4729441367578835
1201,7.75,6.25,2.0,1,0.432512784221749,2.5670261217884973,2.039543319979323,1.4726431056169615
1202,7.75,6.75,2.0,1,0.27871781577907717,2.6191675704972734,2.167983895437663,1.4770212316668014
1203,7.75,7.25,2.0,1,0.387237306689261,2.712281888818596,2.0538305550462734,1.4129546943492681
1204,7.75,7.75,2.0,1,0.397925152047812,2.550123089469137,2.0120747104858587,1.414723821275855
1205,7.75,8.25,2.0,1,0.4215971209878852,2.6041010019071127,2.010703798708401,1.4193593798087534
1206,7.75,8.75,2.0,1,0.5085299056095528,2.683109966619782,2.024498649772013,1.450974122160475
1207,8.25,0.25,2.0,2,0.5152891472039508,1.3776960507372071,2.893595437420475,1.3147906910295197
1208,8.25,0.75,2.0,2,0.5886698961861228,1.3496061106920838,3.226396849411173,1.2809986288084332
1209,8.25,1.25,2.0,2,0.5887435221912942,1.2391123062711924,3.351828238548249,1.2615277302267256
1210,8.25,1.75,2.0,2,0.5707926366598415,1.198233533504705,3.361152283681316,1.2630743286922104
1211,8.25,2.25,2.0,2,0.5889384491946241,1.2151448634257922,3.294212447566606,1.3065753027699654
1212,8.25,2.75,2.0,2,0.6099266732932717,1.2152951485116925,3.228514747709741,1.3136979533491246
1213,8.25,3.25,2.0,2,0.6099721577052015,1.2261119281385362,3.10325020631717,1.2422964745861045
1214,8.25,5.25,2.0,2,0.6053160402634988,1.1953519342814047,4.016365075624561,1.2001854139900834
1215,8.25,5.75,2.0,1,0.4979453116170184,2.9787615121991484,1.9875728072336951,1.479540798443254
1216,8.25,6.25,2.0,1,0.4481803317444044,2.6799987334690973,2.0106048544670148,1.4471889002395724
1217,8.25,6.75,2.0,1,0.3015014345539251,2.8157789756003897,2.056012389304777,1.4675452944625205
1218,8.25,7.25,2.0,1,0.37270085067897574,2.836996983523003,2.062883958046926,1.439313265738892
1219,8.25,7.75,2.0,1,0.390839860259446,2.637866419727064,2.0154084657770195,1.387269539670913
1220,8.25,8.25,2.0,1,0.4158686949562375,2.6649736521246314,2.0069898252024347,1.4080468577877965
1221,8.25,8.75,2.0,1,0.4831601606081374,2.7604626033689756,1.9998127102600127,1.4396319904508794
1222,8.75,0.25,2.0,2,0.4835360246305637,1.36356228166081,2.879772761839431,1.2815621339683272
1223,8.75,0.75,2.0,2,0.5579232169454615,1.3321498509436085,3.1551052769576686,1.2655249164445486
1224,8.75,1.25,2.0,2,0.5756480376211613,1.2419814655406072,3.2888581466292792,1.237453443630363
1225,8.75,1.75,2.0,2,0.5598226180456336,1.2142970352694935,3.338304878562088,1.2074381510196015
1226,8.75,2.25,2.0,2,0.5668343565457417,1.2114352064256848,3.339965880178605,1.2046814802690204
1227,8.75,2.75,2.0,2,0.5833799132747901,1.1877127941099666,3.2282487455713813,1.2364807473022714
1228,8.75,3.25,2.0,2,0.5843824605092428,1.197926865431378,3.0408665778257267,1.2323270494515877
1229,8.75,5.25,2.0,2,0.5989588626077313,1.1978571502224653,3.988583712662601,1.191374421254866
1230,8.75,5.75,2.0,1,0.5061622128135279,3.013247652777954,2.029072287780367,1.4635895728092012
1231,8.75,6.25,2.0,1,0.500863838265519,2.8146953737819573,2.0247881920245656,1.451577462238525
1232,8.75,6.75,2.0,1,0.48345588287218116,3.212510905015914,1.794214877766944,1.4391469863123711
1233,8.75,7.25,2.0,1,0.460798473868298,3.0281647455925556,2.0185302088475905,1.3197688869475688
1234,8.75,7.75,2.0,1,0.409704743056223,2.733528284366147,2.0573277725625885,1.3839686886162312
1235,8.75,8.25,2.0,1,0.42730491962651246,2.6392571670218214,1.9917740705715932,1.3853242893117395
1236,8.75,8.75,2.0,1,0.48219132246771657,2.831248062798786,1.9663309095215111,1.4010910763379656
1237,9.25,0.25,2.0,2,0.513105247840155,1.3379710487498713,2.7997357925374162,1.2872879563295845
1238,9.25,0.75,2.0,2,0.5462367271232043,1.311857621432068,2.9855582322615883,1.2643420766258413
1239,9.25,1.25,2.0,2,0.5572147724814398,1.2436106203060602,3.0928078484912827,1.2410740714479866
1240,9.25,1.75,2.0,2,0.5376921139516432,1.2257774644667534,3.208095282046227,1.2059437032852343
1241,9.25,2.25,2.0,2,0.5232825349573664,1.2332641285171857,3.3024531242505555,1.1673533892335566
1242,9.25,2.75,2.0,2,0.5251663329312978,1.2283998620354926,3.2667849938234177,1.1686736516872884
1243,9.25,3.25,2.0,2,0.5415803049431488,1.23141984235923,3.090377020695858,1.183190083952753
1244,9.25,5.25,2.0,2,0.6014114471382639,1.1941766171482184,3.8003682616390457,1.1882076713156084
1245,9.25,5.75,2.0,1,0.5016442029717276,3.042276668729999,2.0706732614275842,1.4617812760330566
1246,9.25,6.25,2.0,1,0.4584939105918124,2.8281829312033713,2.0417060631935757,1.4147031775547791
1247,9.25,6.75,2.0,1,0.4310536351550751,2.7614174586223967,2.0316438710753153,1.4302608686952365
1248,9.25,7.25,2.0,1,0.5020050485735391,3.0621502261469717,1.826816632648814,1.4496889257986545
1249,9.25,7.75,2.0,1,0.434355580003413,2.8784455290836983,1.948046973656361,1.3448122083360279
1250,9.25,8.25,2.0,1,0.42421671168103187,2.641493890272159,1.9838640475615381,1.3922246399310811
1251,9.25,8.75,2.0,1,0.46614399831178077,2.8805540730463974,1.9709899791822993,1.3965462163022349
1252,9.75,0.25,2.0,2,0.5713977805556417,1.3122799542601575,2.641347313307414,1.3117526381770783
1253,9.75,0.75,2.0,2,0.5704672851255272,1.3009648768822215,2.7230098530014186,1.2908699450014811
1254,9.75,1.25,2.0,2,0.5942532102904121,1.2682775094728274,2.787014271994,1.2957031868317914
1255,9.75,1.75,2.0,2,0.5834236990486125,1.2432292394636995,2.9121851231520117,1.2725285077560187
1256,9.75,2.25,2.0,2,0.5281968921158868,1.2054705447967735,3.065434920187456,1.220541822573636
1257,9.75,2.75,2.0,2,0.5284524954328755,1.1823760844697568,3.0890783471308345,1.2047559920406876
1258,9.75,3.25,2.0,2,0.54224774775028,1.184693044275656,3.034467091753329,1.2078106403821007
1259,9.75,3.75,2.0,2,0.5551290017141902,1.2159182976652656,3.406393336782585,1.2576520461724208
1260,9.75,4.25,2.0,2,0.5825111008819013,1.214552990868269,3.6205665926940234,1.2219490922005718
1261,9.75,4.75,2.0,2,0.595867371478075,1.2377012785262764,3.6713352454189456,1.2195490354112142
1262,9.75,5.25,2.0,2,0.6010407168468825,1.197186277303486,3.638399884382961,1.217254236114262
1263,9.75,5.75,2.0,1,0.5261538768248565,3.0452214673086377,2.0880823613367734,1.467845766926318
1264,9.75,6.25,2.0,1,0.5171942971609561,2.905841896181576,2.0701948209172665,1.4305478317181657
1265,9.75,6.75,2.0,1,0.48935785128280074,2.7844549123244082,2.0798416847897743,1.4264312718675516
1266,9.75,7.25,2.0,1,0.4805404047114541,2.6808254240832987,2.008901537234756,1.4454455597792404
1267,9.75,7.75,2.0,1,0.4481719386892644,2.575453895698665,2.0252701642402813,1.4272482242846214
1268,9.75,8.25,2.0,1,0.41825711630920265,2.653970525534941,2.007674095931685,1.4650535425094677
1269,9.75,8.75,2.0,1,0.41818175448692163,2.8249488812539134,2.0321783747629665,1.4683722934031669
